system_id,proper_ligand_chain
5s9y__1__1.A__1.K,1.K
5s9z__1__1.A_1.B__1.R,1.R
5sau__1__1.A__1.B,1.B
5sav__1__1.A__1.B,1.B
5saw__1__1.A__1.B,1.B
5sb2__1__1.A__1.G,1.G
5sdh__1__1.A_1.B__1.F,1.F
5sdu__1__1.A__1.G,1.G
5sdy__1__1.A__1.D,1.D
5se0__1__1.A__1.G,1.G
5se2__1__1.A__1.G,1.G
5se3__1__1.A__1.G,1.G
5se5__1__1.A__1.G,1.G
5se6__1__1.A__1.G,1.G
5se8__1__1.A__1.G,1.G
5se9__1__1.A__1.G,1.G
5sea__1__1.A__1.G,1.G
5seb__1__1.A__1.G,1.G
5sec__1__1.A__1.G,1.G
5see__1__1.A__1.E,1.E
5seh__1__1.A__1.G,1.G
5sek__1__1.A__1.G,1.G
5sel__1__1.A__1.G,1.G
5sem__1__1.A__1.G,1.G
5sen__1__1.A__1.G,1.G
5seo__1__1.A__1.G,1.G
5sex__1__1.A__1.G,1.G
5sez__1__1.A__1.G,1.G
5sf0__1__1.A__1.G,1.G
5sf1__1__1.A__1.E,1.E
5sf4__1__1.A__1.G,1.G
5sf7__1__1.A__1.G,1.G
5sfc__1__1.A__1.G,1.G
5sfd__1__1.A__1.G,1.G
5sfg__1__1.A__1.G,1.G
5sfh__1__1.A__1.G,1.G
5sfl__1__1.A__1.G,1.G
5sfn__1__1.A__1.G,1.G
5sfo__1__1.A__1.G,1.G
5sfp__1__1.A__1.G,1.G
5sfr__1__1.A__1.G,1.G
5sfx__1__1.A__1.G,1.G
5sfy__1__1.A__1.G,1.G
5sg0__1__1.A__1.G,1.G
5sg5__1__1.A__1.G,1.G
5sg6__1__1.A__1.G,1.G
5sg9__1__1.A__1.G,1.G
5sgg__1__1.A__1.G,1.G
5sgh__1__1.A__1.G,1.G
5sgk__1__1.A__1.G,1.G
5sgl__1__1.A__1.G,1.G
5sgm__1__1.A__1.D,1.D
5sgp__1__1.A__1.H,1.H
5sgr__1__1.A__1.G,1.G
5sgs__1__1.A__1.G,1.G
5sgt__1__1.A__1.G,1.G
5sgu__1__1.A__1.G,1.G
5sgw__1__1.A__1.G,1.G
5sgx__1__1.A__1.G,1.G
5sgz__1__1.A__1.G,1.G
5sh0__1__1.A__1.G,1.G
5sh1__1__1.A__1.G,1.G
5sh2__1__1.A__1.G,1.G
5sh6__1__1.A__1.G,1.G
5sh8__1__1.A__1.E,1.E
5shc__1__1.A__1.G,1.G
5shf__1__1.A__1.G,1.G
5shg__1__1.A__1.G,1.G
5shh__1__1.A__1.G,1.G
5shi__1__1.A__1.E,1.E
5shk__1__1.A__1.G,1.G
5shp__1__1.A__1.G,1.G
5shr__1__1.A__1.G,1.G
5shu__1__1.A__1.G,1.G
5shw__1__1.A__1.G,1.G
5shx__1__1.A__1.G,1.G
5si3__1__1.A__1.E,1.E
5si5__1__1.A__1.G,1.G
5si6__1__1.A__1.G,1.G
5si7__1__1.A__1.G,1.G
5si8__1__1.A__1.G,1.G
5si9__1__1.A__1.G,1.G
5sie__1__1.A__1.G,1.G
5sif__1__1.A__1.I,1.I
5sig__1__1.A__1.G,1.G
5sih__1__1.A__1.H,1.H
5sio__1__1.A__1.H,1.H
5sip__1__1.A__1.G,1.G
5siq__1__1.A__1.H,1.H
5sir__1__1.A__1.G,1.G
5siy__1__1.A__1.G,1.G
5siz__1__1.A__1.G,1.G
5sj1__1__1.A__1.G,1.G
5sj7__1__1.A__1.G,1.G
5sj8__1__1.A__1.G,1.G
5sjb__1__1.A__1.G,1.G
5sjc__1__1.A__1.F,1.F
5sjf__1__1.A__1.H,1.H
5sjg__1__1.A__1.G,1.G
5sjl__1__1.A__1.G,1.G
5sjo__1__1.A__1.H,1.H
5sjt__1__1.A__1.H,1.H
5sju__1__1.A__1.G,1.G
5sjv__1__1.A__1.G,1.G
5sjw__1__1.A__1.I,1.I
5sk0__1__1.A__1.G,1.G
5sk4__1__1.A__1.G,1.G
5sk5__1__1.A__1.H,1.H
5sk6__1__1.A__1.G,1.G
5sk9__1__1.A__1.G,1.G
5skd__1__1.A__1.G,1.G
5ske__1__1.A__1.G,1.G
5skf__1__1.A__1.I,1.I
5skg__1__1.A__1.G,1.G
5skh__1__1.A__1.H,1.H
5ski__1__1.A__1.G,1.G
5skl__1__1.A__1.G,1.G
5skm__1__1.A__1.G,1.G
5sko__1__1.A__1.G,1.G
5skr__1__1.A__1.G,1.G
5skt__1__1.A__1.G,1.G
5sku__1__1.A__1.G,1.G
5slg__1__1.A__1.G,1.G
6th4__1__1.C_1.D__1.T,1.T
6xqr__1__1.B__1.E,1.E
6z48__1__1.B__1.J,1.J
6zfz__1__1.A__1.B,1.B
6zg4__1__1.A__1.B,1.B
6zg9__1__1.A__1.B,1.B
6zx1__1__1.A_2.A__1.B,1.B
7a4q__1__1.A__1.B,1.B
7abj__1__1.A__1.T,1.T
7ait__1__1.A__1.C,1.C
7aiu__1__1.A__1.H,1.H
7aiw__1__2.B__2.M,2.M
7an8__1__1.B__1.E,1.E
7ana__1__1.A__1.C,1.C
7au4__1__1.A_2.A__2.D,2.D
7ay9__1__1.A__1.I,1.I
7ayz__1__1.A__1.D,1.D
7b2u__1__1.A_1.B__1.C,1.C
7b3g__1__1.A__1.I,1.I
7b3h__1__1.A__1.H,1.H
7b3i__1__1.A__1.I,1.I
7b3p__1__1.A__1.G,1.G
7b3x__1__1.A__1.F,1.F
7b4x__1__1.A__1.M,1.M
7b6v__1__1.C_1.D__1.Y,1.Y
7b77__1__1.A_2.A__1.F,1.F
7b87__1__1.A__1.N,1.N
7b89__1__1.A__1.D,1.D
7b8a__1__1.A__1.F,1.F
7bc9__1__1.A__1.J,1.J
7bcf__1__1.A__1.H,1.H
7bdd__1__1.A__1.G,1.G
7bis__1__1.A_2.A__2.F,2.F
7bk9__1__1.A_2.A__2.F,2.F
7blw__1__1.A__1.F,1.F
7bm7__1__1.A__1.F,1.F
7bn5__1__1.A__1.G,1.G
7bn8__1__1.A__1.G,1.G
7bnc__1__1.A__1.K,1.K
7bo7__1__1.A__1.C,1.C
7dcw__1__1.A_1.B__1.D,1.D
7dg4__1__1.A__1.B,1.B
7dh3__1__1.A__1.B,1.B
7dh9__1__1.A__1.B,1.B
7dhn__1__1.A__1.B,1.B
7di7__1__1.A__1.D,1.D
7dji__1__1.D_1.E__1.L,1.L
7dml__1__1.A__1.E,1.E
7dnn__1__1.A_1.B__1.E,1.E
7dow__1__1.A_1.B__1.C,1.C
7doy__1__1.A_1.B__1.E,1.E
7du9__1__1.A_1.B__1.D,1.D
7dua__1__1.B__1.D,1.D
7dvb__1__1.A__1.E,1.E
7dxl__1__1.A__1.C,1.C
7e1n__1__1.A_1.B__1.D,1.D
7e5f__1__1.A_2.A__2.B,2.B
7e5g__1__1.A_2.A__2.B,2.B
7eba__1__1.A__1.C,1.C
7ee5__1__1.A__1.H,1.H
7ei4__1__1.A_1.B_1.C__1.F,1.F
7ejv__1__1.B__1.D,1.D
7ekr__1__1.A__1.C,1.C
7elt__1__2.A__2.B,2.B
7ems__1__1.A__1.D,1.D
7en5__1__1.A_3.A_4.A__3.B,3.B
7en7__1__1.A_2.A_4.A__2.B,2.B
7en9__1__1.A_2.A__2.B,2.B
7end__1__1.A_2.A__2.B,2.B
7ene__1__1.A_1.B__1.E,1.E
7er2__1__1.A__1.B,1.B
7es1__1__1.A__1.C,1.C
7eue__1__1.B__1.F,1.F
7exu__1__1.A__1.C,1.C
7ezf__1__1.B__1.G,1.G
7ezp__1__1.D__1.L,1.L
7ezr__1__1.B__1.G,1.G
7f06__1__1.A__1.C,1.C
7f10__1__1.B__1.C,1.C
7f14__1__1.B__1.D,1.D
7f1u__1__1.A_1.B__1.E,1.E
7f1v__1__1.C_1.D__1.F,1.F
7f35__1__1.A_1.B__1.G,1.G
7f42__1__1.B__1.C,1.C
7f51__1__1.A__1.C,1.C
7f6w__1__2.A__2.B,2.B
7f7d__1__2.A__2.B,2.B
7f83__1__1.B__1.J,1.J
7f8u__1__1.A__1.B,1.B
7fai__1__1.A__1.E,1.E
7faj__1__1.A__1.E,1.E
7fak__1__1.A__1.B,1.B
7fcz__1__2.B__2.D,2.D
7fd0__1__1.A__1.C,1.C
7fd6__1__1.A__1.B,1.B
7fee__1__1.A__1.D,1.D
7fee__1__1.A__1.E,1.E
7fgc__1__1.B__1.E,1.E
7fgd__1__1.B__1.E,1.E
7fha__1__1.A__1.C,1.C
7fhb__1__1.A__1.B,1.B
7fmg__1__1.A__1.C,1.C
7fnt__1__1.B__1.C,1.C
7fsd__1__1.A__1.I,1.I
7fti__1__1.A__1.C,1.C
7ftm__1__1.A__1.C,1.C
7ftv__1__1.A__1.C,1.C
7ftw__1__1.A__1.C,1.C
7ftz__1__1.A__1.D,1.D
7fu2__1__1.A__1.C,1.C
7fu6__1__1.A__1.C,1.C
7fu7__1__1.A__1.C,1.C
7fu8__1__1.A__1.C,1.C
7fuc__1__1.A__1.C,1.C
7fuf__1__1.A__1.C,1.C
7fum__1__1.A__1.C,1.C
7fw3__1__1.A__1.B,1.B
7fwb__1__1.A__1.B,1.B
7fwe__1__1.A__1.B,1.B
7fwh__1__1.A__1.B,1.B
7fwi__1__1.A__1.D,1.D
7fwl__1__1.A__1.B,1.B
7fwm__1__1.A__1.B,1.B
7fwn__1__1.A__1.D,1.D
7fwr__1__1.A__1.B,1.B
7fx1__1__1.A__1.B,1.B
7fxi__1__1.A__1.D,1.D
7fyr__1__1.A__1.B,1.B
7fys__1__1.A__1.B,1.B
7fyx__1__1.A__1.C,1.C
7fz0__1__1.A__1.E,1.E
7fz3__1__1.A__1.B,1.B
7fzc__1__1.A__1.B,1.B
7fzl__1__1.A__1.B,1.B
7fzs__1__1.A__1.B,1.B
7g00__1__1.A__1.Q,1.Q
7g07__1__1.A__1.B,1.B
7g0g__1__1.A__1.B,1.B
7g0j__1__1.A__1.D,1.D
7g0t__1__1.A__1.B,1.B
7g10__1__1.A__1.D,1.D
7g1b__1__1.A__1.B,1.B
7g1e__1__1.A__1.C,1.C
7g1j__1__1.A__1.B,1.B
7g1m__1__1.A__1.B,1.B
7g20__1__1.A__1.B,1.B
7g90__1__1.A__1.C,1.C
7gaw__1__1.A_1.B__1.K,1.K
7gb6__1__1.A_2.A__1.F,1.F
7gb7__1__1.A_2.A__1.B,1.B
7gb8__1__1.A_2.A__1.F,1.F
7gbc__1__1.A_2.A__2.E,2.E
7gbd__1__1.A_2.A__2.E,2.E
7gbe__1__1.A_2.A__1.B,1.B
7gbg__1__1.A_2.A__2.E,2.E
7gbi__1__1.A_2.A__2.D,2.D
7gbo__1__1.A_2.A__1.E,1.E
7gbp__1__1.A_2.A__2.F,2.F
7gbq__1__1.A_2.A__1.E,1.E
7gbr__1__1.A_2.A__2.F,2.F
7gbw__1__1.A_2.A__1.F,1.F
7gby__1__1.A_2.A__1.E,1.E
7gbz__1__1.A_2.A__2.F,2.F
7gc0__1__1.A_2.A__1.E,1.E
7gc1__1__1.A_2.A__2.E,2.E
7gc2__1__1.A_2.A__2.E,2.E
7gc3__1__1.A_2.A__2.F,2.F
7gc8__1__1.A_2.A__2.E,2.E
7gce__1__1.A_2.A__2.E,2.E
7gcf__1__1.A_2.A__2.E,2.E
7gcj__1__1.A_2.A__1.E,1.E
7gck__1__1.A_2.A__1.E,1.E
7gcl__1__1.A_2.A__2.F,2.F
7gcn__1__1.A_2.A__2.F,2.F
7gco__1__1.A_2.A__2.E,2.E
7gcq__1__1.A_2.A__1.F,1.F
7gcs__1__1.A_2.A__1.E,1.E
7gcu__1__1.A_2.A__1.E,1.E
7gcv__1__1.A_2.A__2.E,2.E
7gcx__1__1.A_2.A__2.E,2.E
7gd0__1__1.A_2.A__1.F,1.F
7gd1__1__1.A_2.A__1.E,1.E
7gda__1__1.A_2.A__1.D,1.D
7gdc__1__1.A_2.A__2.D,2.D
7gde__1__1.A_2.A__1.E,1.E
7gdg__1__1.A_2.A__2.F,2.F
7gdj__1__1.A_2.A__2.E,2.E
7gdk__1__1.A_2.A__2.E,2.E
7gdl__1__1.A_2.A__1.E,1.E
7gdm__1__1.A_2.A__2.E,2.E
7gdz__1__1.A_2.A__1.E,1.E
7ge2__1__1.A_2.A__2.E,2.E
7ge3__1__1.A_2.A__1.D,1.D
7ge8__1__1.A_2.A__2.E,2.E
7ge9__1__1.A_2.A__1.E,1.E
7gec__1__1.A_2.A__2.E,2.E
7ged__1__1.A_2.A__1.E,1.E
7gee__1__1.A_2.A__2.E,2.E
7gef__1__1.A_2.A__1.D,1.D
7geg__1__1.A_2.A__2.E,2.E
7geh__1__1.A_2.A__2.E,2.E
7gek__1__1.A_2.A__1.E,1.E
7gen__1__1.A_2.A__2.E,2.E
7ges__1__1.A_2.A__2.E,2.E
7geu__1__1.A_2.A__2.E,2.E
7gew__1__1.A_2.A__1.E,1.E
7gey__1__1.A_2.A__2.E,2.E
7gf0__1__1.A_2.A__1.E,1.E
7gf2__1__1.A_2.A__2.E,2.E
7gf3__1__1.A_2.A__1.E,1.E
7gf5__1__1.A_2.A__1.E,1.E
7gf6__1__1.A_2.A__2.E,2.E
7gfb__1__1.A_2.A__2.E,2.E
7gfh__1__1.A_2.A__1.E,1.E
7gfl__1__1.A_2.A__2.E,2.E
7gfr__1__1.A_2.A__2.E,2.E
7gfs__1__1.A_2.A__2.E,2.E
7gft__1__1.A_2.A__1.E,1.E
7gfx__1__1.A_2.A__2.E,2.E
7gg2__1__1.A_2.A__2.E,2.E
7ggd__1__1.A__1.E,1.E
7gh3__1__1.A_2.A__2.E,2.E
7gh5__1__1.A_2.A__1.B,1.B
7gh6__1__1.A_2.A__2.B,2.B
7ghn__1__1.A_1.B__1.N,1.N
7ghr__1__1.A_1.B__1.M,1.M
7gi4__1__1.A_1.B__1.J,1.J
7gi6__1__1.A_1.B__1.D,1.D
7gi7__1__1.A_1.B__1.L,1.L
7gi9__1__1.A_1.B__1.F,1.F
7gia__1__1.A_1.B__1.F,1.F
7gjc__1__1.A_1.B__1.E,1.E
7gji__1__1.A_1.B__1.L,1.L
7gk7__1__1.A_1.B__1.H,1.H
7gk8__1__1.A_1.B__1.H,1.H
7gkh__1__1.A_1.B__1.J,1.J
7gki__1__1.A__1.I,1.I
7gkk__1__1.A_1.B__1.O,1.O
7gks__1__1.A_1.B__1.H,1.H
7gkx__1__1.A_1.B__1.I,1.I
7gl3__1__1.A_1.B__1.H,1.H
7gla__1__1.A_1.B__1.I,1.I
7glb__1__1.A_1.B__1.N,1.N
7gld__1__1.A_1.B__1.H,1.H
7glg__1__1.A_1.B__1.H,1.H
7gli__1__1.A_1.B__1.L,1.L
7gln__1__1.A_1.B__1.I,1.I
7gly__1__1.A_1.B__1.I,1.I
7gm0__1__1.A_1.B__1.N,1.N
7gm1__1__1.A_1.B__1.I,1.I
7gm4__1__1.A_1.B__1.I,1.I
7gm5__1__1.A_1.B__1.I,1.I
7gm6__1__1.A_1.B__1.N,1.N
7gm8__1__1.A_1.B__1.I,1.I
7gm9__1__1.A_1.B__1.I,1.I
7gma__1__1.A_1.B__1.J,1.J
7gmh__1__1.A_1.B__1.O,1.O
7gms__1__1.A_1.B__1.I,1.I
7gmu__1__1.A_1.B__1.I,1.I
7gmy__1__1.A_1.B__1.I,1.I
7gn0__1__1.A_1.B__1.I,1.I
7gn5__1__1.A_1.B__1.I,1.I
7gn9__1__1.A_1.B__1.O,1.O
7gng__1__1.A_1.B__1.Q,1.Q
7gnh__1__1.A_1.B__1.M,1.M
7gnk__1__1.A_1.B__1.T,1.T
7gnl__1__1.A_1.B__1.N,1.N
7gnm__1__1.A_1.B__1.S,1.S
7gnn__1__1.A_1.B__1.I,1.I
7grr__1__1.A__1.D,1.D
7grs__1__1.B__1.Q,1.Q
7gs0__1__1.A_1.B__1.D,1.D
7h1j__1__1.B__1.E,1.E
7jhq__1__2.D__2.Q,2.Q
7jni__1__1.A__1.C,1.C
7jxa__1__1.C__1.I,1.I
7jyd__1__1.A__1.C,1.C
7k5v__1__1.A__1.C,1.C
7kb8__1__1.A__1.E,1.E
7kgy__1__2.C_2.D__2.J,2.J
7kkh__1__1.A_1.B__1.D,1.D
7ko6__1__1.A__1.D,1.D
7kxz__1__1.A__1.C,1.C
7l1p__1__1.A_1.B__1.C,1.C
7l2y__1__1.A_2.A__1.J,1.J
7lbv__1__1.A__1.B,1.B
7ldy__1__1.A_1.B__1.H,1.H
7le3__1__1.A_1.B__1.C,1.C
7le5__1__1.A_1.B__1.H,1.H
7le6__1__1.A_1.B__1.C,1.C
7lk0__1__1.A_2.A__1.D,1.D
7lnh__1__2.A_2.B__2.E,2.E
7lp0__1__1.A__1.C,1.C
7lpk__1__1.A__1.C,1.C
7lpw__1__1.A_1.B__1.G,1.G
7lr9__1__1.A__1.C,1.C
7lrk__1__1.A__1.C,1.C
7lro__1__1.A__1.D,1.D
7lzr__1__1.A_1.B__1.H,1.H
7m94__1__1.B__1.J,1.J
7m95__1__1.B__1.K,1.K
7m96__1__1.A__1.E,1.E
7m9g__1__1.A_1.B__1.E,1.E
7m9h__1__1.A_1.B__1.E,1.E
7m9r__1__1.A_1.B__1.C,1.C
7m9t__1__1.A_1.B__1.D,1.D
7m9v__1__1.A_1.B__1.C,1.C
7m9x__1__1.A_1.B__1.C,1.C
7ma0__1__1.A_1.B__1.I,1.I
7ma1__1__1.A_1.B__1.M,1.M
7ma2__1__1.A_1.B__1.E,1.E
7ma3__1__1.A_1.B__1.E,1.E
7ma4__1__1.A_1.B__1.D,1.D
7ma5__1__1.A_1.B__1.G,1.G
7ma7__1__1.A_1.B__1.E,1.E
7ma8__1__1.A_1.B__1.E,1.E
7maq__1__1.A_1.B__1.C,1.C
7mdp__1__1.A__1.D,1.D
7mgj__1__1.A__1.E,1.E
7mgk__1__1.A__1.E,1.E
7mjd__1__1.B__1.S,1.S
7mkx__1__1.A__1.E,1.E
7mlo__1__1.A__1.C,1.C
7mlp__1__1.A__1.B,1.B
7mlt__1__1.A__1.W,1.W
7mof__1__1.A__1.C,1.C
7mog__1__1.A__1.C,1.C
7mt4__1__2.A_2.B__2.C,2.C
7mwn__1__1.A_1.B__1.C,1.C
7mxh__1__1.A__1.D,1.D
7mxn__1__1.A__1.C,1.C
7myj__1__1.A__1.G,1.G
7n4w__1__1.A__1.D,1.D
7n4z__1__1.A__1.F,1.F
7n53__1__1.A__1.D,1.D
7n54__1__1.B__1.H,1.H
7n9d__1__1.A__1.D,1.D
7nag__1__1.A__1.C,1.C
7nah__1__1.A__1.C,1.C
7nai__1__1.A__1.C,1.C
7nb3__1__1.A__1.C,1.C
7nb7__1__1.A__1.E,1.E
7nbt__1__1.A_2.A__1.C,1.C
7nbw__1__1.A_2.A__1.B,1.B
7ngd__1__1.A__1.B,1.B
7ngg__1__2.A__2.B,2.B
7ngi__1__2.A__2.C,2.C
7ngj__1__1.A__1.B,1.B
7ngk__1__2.A__2.C,2.C
7ngm__1__2.A__2.B,2.B
7ngs__1__1.A__1.B,1.B
7ngw__1__2.A__2.B,2.B
7ngx__1__1.A__1.B,1.B
7ngy__1__2.A__2.B,2.B
7nlv__1__1.A_1.C__1.G,1.G
7nr5__1__1.A__1.F,1.F
7nr6__1__1.B__1.H,1.H
7nsn__1__1.A__1.J,1.J
7ntz__1__1.A__1.B,1.B
7nud__1__1.B__1.D,1.D
7nue__1__1.A__1.C,1.C
7nwa__1__1.A_1.B__1.E,1.E
7nwc__1__1.A_1.B__1.G,1.G
7nya__1__1.A_1.B__1.F,1.F
7nzn__1__1.A_2.A__1.B,1.B
7nzy__1__1.A__1.E,1.E
7o1b__1__1.A__1.E,1.E
7o2t__1__1.A_2.A__1.B,1.B
7o46__1__1.A_2.A__1.B,1.B
7o6x__1__1.A__1.E,1.E
7o7j__1__1.A__1.B,1.B
7o7k__1__1.A__1.E,1.E
7o9i__1__1.A__1.B,1.B
7ocs__1__1.D__1.BB,1.BB
7odn__1__1.A_1.B__1.J,1.J
7oed__1__1.A__1.C,1.C
7of8__1__1.A__1.B,1.B
7oj6__1__1.A_1.C__1.Y,1.Y
7ojq__1__1.A_1.C__1.F,1.F
7ojw__1__1.A_1.C__1.F,1.F
7ojy__1__1.A_1.B__1.D,1.D
7ok1__1__1.A_1.B__1.D,1.D
7okc__1__1.A_2.A__2.B,2.B
7oli__1__1.A__1.C,1.C
7olj__1__1.A_1.B__1.E,1.E
7om1__1__1.A_1.B__1.E,1.E
7ome__1__1.A__1.B,1.B
7omo__1__1.A__1.C,1.C
7omr__1__1.A__1.B,1.B
7onf__1__1.A_2.A__1.C,1.C
7opm__1__1.A__1.D,1.D
7osx__1__1.A__1.C,1.C
7ou8__1__1.A__1.C,1.C
7oum__1__1.A__1.K,1.K
7ouw__1__1.A__1.C,1.C
7ovd__1__1.A__1.B,1.B
7oy5__1__1.A__1.C,1.C
7p1f__1__1.A__1.C,1.C
7p1o__1__1.A__1.D,1.D
7p1s__1__1.A__1.E,1.E
7p3v__1__1.B__1.D,1.D
7p4v__1__1.A_3.A__1.B,1.B
7p5f__1__1.A__1.C,1.C
7p5i__1__1.A__1.D,1.D
7p5k__1__1.A__1.C,1.C
7p5n__1__1.A__1.C,1.C
7p5p__1__1.A__1.D,1.D
7pa1__1__1.A__1.D,1.D
7paw__1__1.B__1.C,1.C
7pd6__1__1.A_1.B__1.K,1.K
7pdb__1__1.C_1.D__1.H,1.H
7pdr__1__1.A_1.E__1.I,1.I
7pdt__1__1.A__1.E,1.E
7pe5__1__1.D_1.E__1.I,1.I
7pe6__1__1.A_1.B__1.F,1.F
7pfm__1__1.A_1.B__1.C,1.C
7phe__1__1.A__1.C,1.C
7pi1__1__1.A__1.F,1.F
7pj9__1__1.A__1.C,1.C
7pjk__1__1.A__1.E,1.E
7poo__1__1.A_1.B__1.G,1.G
7pox__1__1.A__1.C,1.C
7ppq__1__1.B__1.H,1.H
7pqs__1__1.A__1.C,1.C
7pqv__1__1.A__1.B,1.B
7pu8__1__1.A_1.B__1.H,1.H
7puc__1__1.C_1.D__1.I,1.I
7puq__1__1.C_1.D__1.K,1.K
7put__1__1.A__1.I,1.I
7pwd__1__1.A__1.D,1.D
7pwu__1__1.A__1.C,1.C
7pz1__1__1.A__1.D,1.D
7q2o__1__1.A_1.B__1.D,1.D
7q4f__1__1.A_1.C__1.J,1.J
7q6v__1__1.A__1.E,1.E
7q6w__1__1.A__1.E,1.E
7q7i__1__1.A__1.B,1.B
7q7k__1__1.A__1.B,1.B
7q7t__1__1.A_2.A__2.C,2.C
7q7v__1__1.A_2.A__2.B,2.B
7q8z__1__1.A__1.E,1.E
7q90__1__1.A__1.D,1.D
7qa3__1__1.A__1.C,1.C
7qaa__1__1.B__1.D,1.D
7qdt__1__1.A__1.B,1.B
7qea__1__1.A__1.C,1.C
7qei__1__1.A__1.B,1.B
7qfe__1__1.A__1.D,1.D
7qg1__1__1.A__1.C,1.C
7qg3__1__1.A__1.C,1.C
7qg5__1__1.A__1.C,1.C
7qgt__1__1.B__1.F,1.F
7qhe__1__1.A__1.I,1.I
7qhl__1__1.A__1.E,1.E
7qhz__1__1.A__1.B,1.B
7qi0__1__1.A__1.C,1.C
7qnn__1__1.A__1.C,1.C
7qrb__1__1.A__1.G,1.G
7qrc__1__1.A__1.D,1.D
7qt2__1__1.A_1.B__1.E,1.E
7qt6__1__1.A__1.B,1.B
7qty__1__1.A__1.C,1.C
7qy9__1__1.A__1.C,1.C
7qyn__1__1.B__1.O,1.O
7r02__1__1.B__1.L,1.L
7r0a__1__1.A__1.C,1.C
7r26__1__1.A__1.B,1.B
7r4a__1__1.A__1.C,1.C
7r5d__1__1.A__1.C,1.C
7r6g__1__1.A__1.C,1.C
7r7l__1__1.A__1.C,1.C
7r7r__1__1.A__1.B,1.B
7r9n__1__1.B__1.E,1.E
7r9p__1__1.A__1.C,1.C
7r9t__1__1.A__1.C,1.C
7rae__1__1.A__1.C,1.C
7raf__1__1.A__1.C,1.C
7rbw__1__1.A__1.C,1.C
7rc9__1__1.A_1.B__1.X,1.X
7rdp__1__1.A__1.B,1.B
7rf9__1__1.A_1.B__1.G,1.G
7rh1__1__1.A__1.D,1.D
7rh3__1__1.A__1.C,1.C
7rh4__1__1.A__1.C,1.C
7rke__1__1.A__1.E,1.E
7rl2__1__1.A__1.C,1.C
7rls__1__1.A_2.A__2.B,2.B
7rmb__1__1.A_2.A__2.B,2.B
7rmw__1__1.A__1.G,1.G
7rn4__1__1.A_2.A__2.B,2.B
7rnk__1__1.A_2.A__2.B,2.B
7rnm__1__1.B__1.F,1.F
7rnp__1__1.A__1.E,1.E
7rof__1__1.A__1.E,1.E
7ros__1__1.A__1.C,1.C
7rq0__1__1.A_1.B__1.L,1.L
7rrb__1__1.A__1.C,1.C
7rrc__1__1.A__1.C,1.C
7rwe__1__1.A__1.B,1.B
7rwf__1__1.A__1.C,1.C
7rxo__1__1.A__1.C,1.C
7s1c__1__1.A__1.C,1.C
7s1d__1__1.A__1.C,1.C
7s6u__1__1.A__1.B,1.B
7s6v__1__1.A__1.B,1.B
7s7t__1__1.A__1.B,1.B
7s7x__1__1.A__1.D,1.D
7s84__1__1.A__1.B,1.B
7sa0__1__1.A__1.F,1.F
7scr__1__1.E__1.K,1.K
7sdd__1__2.A__2.B,2.B
7sdr__1__1.A__1.D,1.D
7sel__1__1.A__1.C,1.C
7sez__1__1.A__1.B,1.B
7sfo__1__1.A__1.E,1.E
7shh__1__1.A__1.E,1.E
7si4__1__1.A__1.B,1.B
7si5__1__1.A__1.D,1.D
7sia__1__1.A_1.B__1.C,1.C
7siu__1__1.A__1.C,1.C
7slr__1__1.A_1.B__1.C,1.C
7sls__1__1.A_1.B__1.C,1.C
7slz__1__1.A__1.B,1.B
7snz__1__1.A_1.B__1.C,1.C
7so1__1__1.A_1.B__1.C,1.C
7sok__1__1.A__1.E,1.E
7sqe__1__1.A__1.D,1.D
7sqm__1__1.A__1.B,1.B
7sxg__1__1.A__1.C,1.C
7sxj__1__1.A__1.C,1.C
7sz3__1__1.B__1.I,1.I
7sza__1__1.A__1.E,1.E
7szb__1__1.A__1.E,1.E
7szc__1__1.A__1.F,1.F
7szr__1__1.A__1.G,1.G
7t0c__1__1.A_1.B__1.VA,1.VA
7t0f__1__1.A_1.B__1.C,1.C
7t39__1__1.A__1.B,1.B
7t5k__1__1.A__1.D,1.D
7t5x__1__1.A_1.C__1.I,1.I
7t5y__1__1.B__1.G,1.G
7t5z__1__1.A_1.C__1.I,1.I
7t60__1__1.B_1.C__1.M,1.M
7t61__1__1.B_1.C__1.L,1.L
7t6c__1__1.A__1.E,1.E
7t7m__1__1.A__1.I,1.I
7t9r__1__1.A__1.F,1.F
7tab__1__1.A__1.B,1.B
7taz__1__1.A__1.C,1.C
7tbd__1__1.A__1.E,1.E
7tbu__1__1.A__1.D,1.D
7te8__1__1.A_1.B__1.E,1.E
7tev__1__1.A_2.A__2.D,2.D
7tjo__1__1.A__1.E,1.E
7tt8__1__1.A__1.C,1.C
7tuo__1__1.A__1.B,1.B
7twu__1__1.B__1.N,1.N
7txk__1__1.A__1.C,1.C
7txp__1__1.A_2.A__2.B,2.B
7tz7__1__1.A__1.C,1.C
7tzb__1__1.A__1.C,1.C
7u0t__1__1.A_1.B__1.H,1.H
7u1m__1__1.A__1.D,1.D
7u2z__1__1.A__1.C,1.C
7u30__1__1.A__1.I,1.I
7u31__1__1.A__1.D,1.D
7u4g__1__4.A__4.E,4.E
7u4o__1__1.A__1.G,1.G
7u5z__1__1.A_1.B__1.C,1.C
7u64__1__1.A_1.B__1.S,1.S
7u70__1__1.A__1.C,1.C
7u8v__1__1.A__1.C,1.C
7u8w__1__1.A__1.C,1.C
7u8x__1__1.A__1.B,1.B
7u98__1__1.A__1.E,1.E
7u99__1__1.A__1.B,1.B
7u9a__1__1.A__1.B,1.B
7uad__1__1.A__1.B,1.B
7uas__1__1.A__1.C,1.C
7uaw__1__1.A_1.B__1.C,1.C
7ubo__1__1.A__1.E,1.E
7udq__1__1.A__1.C,1.C
7ue4__1__1.A_2.A__2.F,2.F
7ue8__1__1.A_2.A__2.D,2.D
7ueo__1__1.A_2.A__2.D,2.D
7ueu__1__1.A_2.A__2.B,2.B
7uf0__1__1.A_2.A__1.B,1.B
7ug5__1__1.A__1.E,1.E
7ugb__1__1.A__1.C,1.C
7ugl__1__1.A__1.C,1.C
7ugl__1__1.A__1.D,1.D
7uj7__1__1.A__1.E,1.E
7uj8__1__1.A__1.C,1.C
7ujc__1__1.B__1.D,1.D
7ujf__1__1.A__1.E,1.E
7ujh__1__1.A_1.B__1.D,1.D
7ujo__1__1.D__1.H,1.H
7ujy__1__1.B__1.F,1.F
7ukr__1__1.A__1.C,1.C
7um4__1__1.A__1.I,1.I
7un0__1__1.A__1.G,1.G
7ur3__1__1.A__1.B,1.B
7ur9__1__1.A_1.B__1.D,1.D
7usg__1__1.A__1.B,1.B
7ush__1__1.A__1.B,1.B
7usi__1__1.A__1.G,1.G
7ut5__1__1.A__1.C,1.C
7uw2__1__1.A__1.C,1.C
7uw4__1__1.A__1.C,1.C
7uy0__1__1.A__1.E,1.E
7v13__1__1.A__1.C,1.C
7v16__1__1.A__1.C,1.C
7v17__1__1.A__1.C,1.C
7v18__1__1.A__1.C,1.C
7v1o__1__1.A__1.D,1.D
7v3d__1__1.A_1.B__1.F,1.F
7v3s__1__1.A__1.B,1.B
7v62__1__1.C__1.M,1.M
7vbt__1__1.B__1.D,1.D
7vbv__1__1.B__1.N,1.N
7vdq__1__1.A__1.E,1.E
7vds__1__1.A__1.E,1.E
7vez__1__1.A_1.D__1.E,1.E
7vhy__1__1.A__1.F,1.F
7vhz__1__1.A__1.F,1.F
7vi0__1__1.A__1.F,1.F
7vi7__1__1.A__1.C,1.C
7vjt__1__1.A__1.C,1.C
7vkg__1__1.A__1.B,1.B
7vkh__1__1.A__1.C,1.C
7vl0__1__1.A__1.C,1.C
7vl2__1__1.A__1.C,1.C
7vl3__1__1.A__1.C,1.C
7vl6__1__1.A__1.C,1.C
7vl7__1__1.A__1.C,1.C
7vm7__1__1.A__1.B,1.B
7vnh__1__1.A__1.C,1.C
7vns__1__1.A_2.A__2.C,2.C
7vo5__1__1.A__1.B,1.B
7vpe__1__1.A__1.B,1.B
7vpr__1__1.B__1.F,1.F
7vpu__1__1.A__1.E,1.E
7vqp__1__1.A__1.C,1.C
7vre__1__1.A__1.B,1.B
7vrh__1__1.A__1.D,1.D
7vsl__1__1.A__1.D,1.D
7vte__1__1.A__1.F,1.F
7vtf__1__1.A_1.B__1.F,1.F
7vtg__1__1.A__1.E,1.E
7vvt__1__1.A__1.C,1.C
7vwe__1__1.A__1.D,1.D
7vwg__1__1.A__1.D,1.D
7vwh__1__1.B__1.F,1.F
7vwt__1__1.B__1.H,1.H
7w0g__1__1.B__1.D,1.D
7w1i__1__1.A__1.B,1.B
7w2d__1__1.B__1.R,1.R
7w2f__1__1.A__1.M,1.M
7w3p__1__1.A__1.C,1.C
7w3s__1__1.B_1.D__1.F,1.F
7w41__1__1.A__1.B,1.B
7w4y__1__1.A__1.E,1.E
7w6f__1__1.A_1.B__1.C,1.C
7wbs__1__1.A_1.B__1.D,1.D
7wc6__1__1.A__1.F,1.F
7wc7__1__1.A__1.M,1.M
7wc8__1__1.A__1.H,1.H
7wcl__1__1.A__1.C,1.C
7wdt__1__1.A__1.B,1.B
7wdt__1__1.A__1.C,1.C
7wdu__1__1.A__1.C,1.C
7wew__1__1.A__1.K,1.K
7wf5__1__1.A__1.C,1.C
7wgl__1__1.A__1.D,1.D
7wgn__1__1.A__1.B,1.B
7wgo__1__1.A__1.C,1.C
7wgq__1__1.A__1.C,1.C
7wlw__1__1.A__1.I,1.I
7wlx__1__1.A__1.C,1.C
7wmh__1__1.A__1.C,1.C
7wmj__1__1.A__1.C,1.C
7wmo__1__1.A__1.C,1.C
7wqq__1__1.A__1.C,1.C
7wux__1__1.A_1.D__1.J,1.J
7x11__1__1.D__1.P,1.P
7x4u__1__1.A__1.B,1.B
7x7x__1__1.A__1.C,1.C
7x81__1__1.A_1.B__1.D,1.D
7x86__1__1.A_1.C__1.G,1.G
7x9d__1__1.A__1.E,1.E
7xbv__1__1.A__1.B,1.B
7xef__1__1.A__1.E,1.E
7xej__1__1.A_2.A__1.B,1.B
7xek__1__1.A_2.A__1.B,1.B
7xen__1__1.A_2.A__2.B,2.B
7xep__1__1.A_2.A__1.E,1.E
7xeq__1__1.A_2.A__2.D,2.D
7xes__1__1.A_2.A__2.D,2.D
7xet__1__1.A_2.A__1.B,1.B
7xf7__1__1.A__1.B,1.B
7xh6__1__1.A__1.E,1.E
7xhh__1__1.B__1.D,1.D
7xhq__1__1.A__1.C,1.C
7xi7__1__1.A__1.B,1.B
7xk9__1__1.A__1.C,1.C
7xka__1__1.A__1.C,1.C
7xlp__1__1.A__1.B,1.B
7xm7__1__1.A__1.E,1.E
7xmk__1__1.A__1.D,1.D
7xnc__1__1.A__1.B,1.B
7xoz__1__1.B__1.F,1.F
7xpo__1__1.B__1.H,1.H
7xrr__1__1.A__1.B,1.B
7xsv__1__1.A__1.B,1.B
7xua__1__1.B__1.N,1.N
7xub__1__1.A__1.H,1.H
7xuc__1__1.A__1.H,1.H
7xvu__1__4.A__4.C,4.C
7xvv__1__3.A__3.C,3.C
7xvw__1__2.A__2.C,2.C
7xxc__1__1.A_1.B_1.D__1.M,1.M
7xxm__1__1.A_1.B_1.C__1.K,1.K
7xxp__1__1.A_1.B_1.C__1.K,1.K
7y0f__1__1.B__1.G,1.G
7y4g__1__2.A__2.D,2.D
7y4u__1__1.A__1.B,1.B
7yd2__1__1.A_1.B__1.K,1.K
7ydx__1__2.B__2.H,2.H
7yj9__1__1.A_2.A__2.B,2.B
7yja__1__1.A_1.B__1.E,1.E
7yjb__1__1.A_2.A__2.B,2.B
7yop__1__1.A_1.B__1.E,1.E
7yoq__1__1.B__1.D,1.D
7ypu__1__1.A_1.B__1.I,1.I
7ypv__1__1.A_1.B__1.J,1.J
7ysx__1__1.B__1.J,1.J
7yv4__1__1.A__1.B,1.B
7yxd__1__1.A__1.I,1.I
7yxe__1__1.A__1.C,1.C
7yzs__1__1.A__1.B,1.B
7yzu__1__1.A__1.B,1.B
7z1r__1__1.A_2.A__1.B,1.B
7z1v__1__1.A__1.C,1.C
7z1w__1__1.A__1.C,1.C
7z2q__1__1.A__1.C,1.C
7z39__1__1.A__1.C,1.C
7z3y__1__1.A__1.D,1.D
7z41__1__1.A__1.C,1.C
7z5b__1__1.A__1.D,1.D
7z5r__1__1.A__1.D,1.D
7z5x__1__1.A__1.C,1.C
7z78__1__1.A__1.D,1.D
7z9t__1__1.A__1.C,1.C
7za0__1__1.A__1.B,1.B
7zaa__1__1.A__1.C,1.C
7zeg__1__1.A__1.C,1.C
7zfv__1__1.A__1.C,1.C
7zg9__1__1.A__1.C,1.C
7zgb__1__1.A__1.B,1.B
7zgc__1__1.A__1.B,1.B
7zgd__1__1.A__1.B,1.B
7zi0__1__1.A__1.C,1.C
7zik__1__1.A__1.D,1.D
7ziy__1__1.A__1.C,1.C
7zj0__1__1.A__1.C,1.C
7zjp__1__1.A__1.C,1.C
7zjq__1__1.A__1.E,1.E
7zks__1__1.A__1.B,1.B
7zkw__1__1.A_1.C__1.E,1.E
7zp7__1__1.A__1.C,1.C
7zsm__1__1.A_2.A__1.B,1.B
7zso__1__1.A_1.C__1.S,1.S
7zst__1__1.B_1.C__1.H,1.H
7zwb__1__1.A__1.D,1.D
7zxz__1__2.A_2.B__2.E,2.E
7zym__1__1.A__1.B,1.B
7zyn__1__1.A__1.B,1.B
7zz7__1__1.A_4.A__4.C,4.C
7zzc__1__1.A_4.A__4.D,4.D
7zzf__1__2.A_3.A__3.C,3.C
7zzg__1__2.A_3.A__2.C,2.C
8a0t__1__1.A__1.C,1.C
8a2p__1__1.A__1.B,1.B
8a3a__1__1.A__1.B,1.B
8a4q__1__1.A_2.A__1.B,1.B
8a56__1__1.A_1.B__1.I,1.I
8a66__1__1.A__1.C,1.C
8a7i__1__1.A__1.C,1.C
8a9i__1__1.A__1.B,1.B
8a9v__1__2.A_3.A__3.C,3.C
8ab3__1__1.A_1.B_1.C_1.D__1.L,1.L
8abu__1__1.A__1.D,1.D
8acm__1__1.A__1.E,1.E
8ad7__1__1.A__1.J,1.J
8adf__1__1.B__1.D,1.D
8adj__1__1.A__1.D,1.D
8aev__1__1.A__1.G,1.G
8ai7__1__1.A__1.Q,1.Q
8am2__1__1.A__1.D,1.D
8aop__1__1.A__1.E,1.E
8apt__1__1.A_2.A__1.B,1.B
8apu__1__1.A_2.A__1.B,1.B
8apw__1__1.A_2.A__2.C,2.C
8aqf__1__1.A__1.B,1.B
8aqj__1__1.A_3.A__3.B,3.B
8arj__1__1.A__1.B,1.B
8asf__1__1.B__1.E,1.E
8atb__1__1.A__1.C,1.C
8atl__1__1.A__1.C,1.C
8aw1__1__1.A__1.C,1.C
8ax0__1__1.B__1.H,1.H
8axp__1__1.A__1.C,1.C
8ay6__1__1.A_1.B__1.C,1.C
8ay8__1__1.A_1.B__1.D,1.D
8aya__1__1.A_1.B__1.C,1.C
8azd__1__1.A__1.C,1.C
8azi__1__1.A__1.C,1.C
8azl__1__1.A__1.C,1.C
8azm__1__1.A__1.C,1.C
8azo__1__1.A__1.C,1.C
8azp__1__1.A__1.C,1.C
8b08__1__1.B__1.E,1.E
8b1v__1__1.A_1.B__1.E,1.E
8b25__1__1.A_1.B__1.J,1.J
8b35__1__1.A_1.B__1.E,1.E
8b5s__1__1.B__1.D,1.D
8b62__1__1.A__1.C,1.C
8b6m__1__1.A_1.B__1.E,1.E
8b75__1__1.A__1.B,1.B
8b8x__1__1.A_1.C__1.E,1.E
8b8z__1__1.A__1.E,1.E
8b91__1__1.A__1.E,1.E
8b9h__1__1.A__1.B,1.B
8baj__1__1.A__1.B,1.B
8bcy__1__1.A__1.C,1.C
8bdm__1__1.C__1.M,1.M
8bgc__1__1.A__1.F,1.F
8bgt__1__1.A_2.A__2.D,2.D
8bgz__1__1.A_1.B__1.F,1.F
8bh0__1__1.A_1.D__1.J,1.J
8bhg__1__1.B_1.C__1.K,1.K
8bi6__1__1.A__1.D,1.D
8bih__1__1.A_1.L__1.N,1.N
8biq__1__1.C__1.G,1.G
8bir__1__1.A_1.B__1.D,1.D
8bj3__1__1.A_1.B__1.C,1.C
8bjd__1__1.A__1.B,1.B
8bjt__1__1.A__1.C,1.C
8bju__1__1.A__1.B,1.B
8bk0__1__1.A__1.H,1.H
8blt__1__1.A_1.B__1.I,1.I
8bnx__1__1.A__1.C,1.C
8bo3__1__1.A__1.B,1.B
8bo4__1__1.A__1.C,1.C
8boc__1__1.A__1.B,1.B
8bok__1__1.A__1.B,1.B
8bq4__1__1.B__1.D,1.D
8br5__1__1.A__1.E,1.E
8br6__1__1.A__1.C,1.C
8bsg__1__1.A__1.B,1.B
8bsl__1__1.C_1.D__1.F,1.F
8bst__1__1.A__1.R,1.R
8bt0__1__1.A__1.M,1.M
8bt2__1__1.A__1.M,1.M
8c1m__1__1.A__1.C,1.C
8c3g__1__1.C__1.AA,1.AA
8c3i__1__1.B__1.D,1.D
8c3r__1__1.A__1.C,1.C
8c3u__1__1.A__1.C,1.C
8c6l__1__1.A__1.C,1.C
8c6n__1__1.A__1.B,1.B
8c6o__1__1.A__1.C,1.C
8c6p__1__1.A__1.B,1.B
8c6q__1__1.A__1.C,1.C
8c6s__1__1.A__1.C,1.C
8c70__1__1.A__1.B,1.B
8c71__1__1.A__1.C,1.C
8c74__1__1.A__1.C,1.C
8c9d__1__1.A__1.D,1.D
8c9e__1__1.A__1.C,1.C
8caa__1__1.B__1.F,1.F
8cbh__1__1.A__1.C,1.C
8cbr__1__1.A_1.B_1.D__1.E,1.E
8cbs__1__1.B_1.C_1.D__1.L,1.L
8cbu__1__1.A_1.B_1.D__1.M,1.M
8cdw__1__1.B__1.D,1.D
8ce3__1__1.A_1.B__1.E,1.E
8ceq__1__1.A__1.C,1.C
8ces__1__1.A__1.C,1.C
8cev__1__1.A__1.C,1.C
8cex__1__1.A__1.D,1.D
8cey__1__1.A__1.D,1.D
8cfb__1__1.A__1.L,1.L
8cg0__1__1.D__1.IA,1.IA
8ch9__1__1.G__1.BB,1.BB
8chc__1__1.A__1.B,1.B
8chk__1__1.A__1.D,1.D
8cij__1__1.A__1.B,1.B
8cje__1__1.A__1.F,1.F
8cjg__1__1.A__1.D,1.D
8cju__1__1.A__1.B,1.B
8ck5__1__1.A__1.D,1.D
8ckc__1__2.A__2.D,2.D
8ckh__1__1.A_1.B__1.D,1.D
8clq__1__1.A__1.E,1.E
8cou__1__1.A__1.V,1.V
8cov__1__1.A__1.D,1.D
8cp7__1__1.A__1.B,1.B
8cpb__1__1.B__1.H,1.H
8crj__1__1.A__1.B,1.B
8crl__1__1.A__1.C,1.C
8cta__1__1.A_1.B_1.D__1.Q,1.Q
8cu7__1__1.A__1.C,1.C
8cyu__1__1.A_1.B__1.F,1.F
8cyz__1__1.A_1.C__1.E,1.E
8cz7__1__1.A_1.C__1.E,1.E
8d0e__1__1.B__1.D,1.D
8d0f__1__1.A_1.B__1.D,1.D
8d6c__1__1.A__1.F,1.F
8d6e__1__1.A__1.D,1.D
8d6f__1__1.A__1.D,1.D
8d6m__1__1.A__1.C,1.C
8d6t__1__1.A__1.C,1.C
8db0__1__1.A__1.E,1.E
8deg__1__1.A__1.B,1.B
8dhw__1__1.B_2.B__2.I,2.I
8dk4__1__1.A__1.C,1.C
8dml__1__1.B__1.J,1.J
8dmt__1__1.A__1.E,1.E
8dqd__1__1.A__1.B,1.B
8dsc__1__1.B__1.L,1.L
8dsh__1__1.A_1.B__1.C,1.C
8dsm__1__1.A_1.B__1.J,1.J
8dsr__1__1.A__1.C,1.C
8du3__1__1.A__1.B,1.B
8du6__1__1.B__1.D,1.D
8du8__1__1.A__1.C,1.C
8du9__1__1.B__1.D,1.D
8dub__1__1.A__1.C,1.C
8duh__1__1.A__1.C,1.C
8dui__1__1.A__1.C,1.C
8duk__1__1.A__1.E,1.E
8dv7__1__1.B__1.D,1.D
8dv8__1__1.A__1.C,1.C
8dxk__1__1.A_1.B__1.C,1.C
8e0h__1__1.A__1.C,1.C
8e0t__1__1.C__1.F,1.F
8e1o__1__1.A__1.D,1.D
8e1t__1__1.A__1.D,1.D
8e1x__1__1.A__1.C,1.C
8e5m__1__1.A_1.E__1.U,1.U
8e80__1__1.A__1.B,1.B
8e81__1__1.A__1.B,1.B
8ea6__1__1.A_1.B__1.C,1.C
8efj__1__1.A__1.D,1.D
8egz__1__1.B__1.I,1.I
8emu__1__1.A__1.E,1.E
8eni__1__2.A__2.B,2.B
8eq9__1__1.A__1.B,1.B
8eqz__1__1.A__1.C,1.C
8erb__1__1.A_1.C__1.Q,1.Q
8erd__1__1.A__1.B,1.B
8erj__1__1.A_2.C__1.I,1.I
8et0__1__1.B__1.L,1.L
8etl__1__1.A__1.C,1.C
8ex1__1__1.A__1.B,1.B
8ex2__1__1.A__1.B,1.B
8exl__1__1.A__1.B,1.B
8exu__1__1.A__1.B,1.B
8ez1__1__1.A_1.B__1.D,1.D
8f1g__1__1.A__1.C,1.C
8f1z__1__1.A__1.B,1.B
8f4q__1__1.A__1.F,1.F
8f8e__1__1.A__1.C,1.C
8f8m__1__1.A__1.C,1.C
8fb1__1__1.A__1.C,1.C
8fb1__1__1.A__1.D,1.D
8fcd__1__1.A_1.B__1.C,1.C
8fe6__1__1.A__1.I,1.I
8fe8__1__1.A_1.B__1.C,1.C
8fe9__1__1.A__1.B,1.B
8fgz__1__1.A__1.B,1.B
8fh4__1__1.A__1.E,1.E
8fjz__1__1.C__1.I,1.I
8fko__1__1.C__1.I,1.I
8fly__1__1.A__1.K,1.K
8flz__1__1.A__1.K,1.K
8fm0__1__1.A__1.K,1.K
8fm2__1__1.A__1.K,1.K
8fm3__1__1.A__1.K,1.K
8fm4__1__1.A__1.K,1.K
8fm5__1__1.A__1.K,1.K
8fm7__1__1.A__1.K,1.K
8fm8__1__1.A__1.K,1.K
8fo5__1__1.A_1.B__1.E,1.E
8fp1__1__1.A__1.B,1.B
8ftr__1__2.A__2.B,2.B
8fwz__1__1.B__1.E,1.E
8fx1__1__1.A__1.C,1.C
8fx2__1__1.B__1.D,1.D
8fx3__1__1.B__1.D,1.D
8fxn__1__1.A__1.B,1.B
8fy7__1__1.A_1.B__1.C,1.C
8g3e__1__1.A__1.C,1.C
8g3s__1__1.A__1.E,1.E
8g4a__1__1.A_1.B__1.C,1.C
8g63__1__1.A__1.B,1.B
8g68__1__1.A__1.C,1.C
8g69__1__1.A__1.C,1.C
8g8o__1__1.B__1.E,1.E
8g8x__1__1.A__1.C,1.C
8g9d__1__1.A__1.B,1.B
8gcz__1__1.A__1.N,1.N
8gdk__1__1.A__1.O,1.O
8gds__1__1.A__1.E,1.E
8gem__1__1.A__1.B,1.B
8gen__1__2.A_3.A__3.B,3.B
8get__1__1.C__1.M,1.M
8geu__1__1.A__1.B,1.B
8gev__1__1.A__1.B,1.B
8gez__1__1.A__1.B,1.B
8gf0__1__1.A__1.B,1.B
8gfd__1__1.A__1.B,1.B
8gff__1__1.A__1.B,1.B
8gfg__1__1.A__1.B,1.B
8gfq__1__1.A__1.B,1.B
8gfs__1__1.A__1.B,1.B
8gkf__1__1.A__1.J,1.J
8gkt__1__1.A_1.B__1.E,1.E
8gm5__1__1.A__1.D,1.D
8gne__1__1.A__1.B,1.B
8gne__1__1.A__1.E,1.E
8goy__1__1.A_1.B__1.E,1.E
8gtg__1__1.A__1.C,1.C
8gti__1__1.A__1.H,1.H
8gtm__1__1.A__1.C,1.C
8gtv__1__1.A_2.B__2.D,2.D
8gu1__1__1.A_1.B__1.D,1.D
8gvj__1__1.A__1.B,1.B
8gww__1__1.A__1.C,1.C
8gyd__1__1.A_1.B__1.K,1.K
8gzc__1__1.A__1.F,1.F
8h4q__1__1.A__1.C,1.C
8h59__1__1.A__1.B,1.B
8h7r__1__1.A__1.B,1.B
8haq__1__1.A__1.C,1.C
8hch__1__1.C__1.J,1.J
8hd3__1__1.A__1.C,1.C
8hf8__1__1.A__1.C,1.C
8hlj__1__1.A__1.C,1.C
8hms__1__1.A__1.E,1.E
8ho5__1__1.A__1.B,1.B
8hpc__1__1.A_1.H__1.P,1.P
8hul__1__1.A__1.C,1.C
8hum__1__1.A__1.C,1.C
8huu__1__1.A__1.C,1.C
8hx6__1__1.B__1.F,1.F
8i0d__1__1.A__1.B,1.B
8i1o__1__1.A__1.F,1.F
8i2n__1__1.A__1.C,1.C
8i4i__1__1.A__1.C,1.C
8ie5__1__1.A__1.B,1.B
8ie6__1__1.A__1.B,1.B
8in7__1__1.A__1.B,1.B
8iqn__1__1.A__1.B,1.B
8iqt__1__1.A__1.B,1.B
8iqu__1__1.A__1.B,1.B
8iui__1__1.A__1.C,1.C
8ivn__1__1.A_1.B__1.C,1.C
8ivr__1__1.A__1.B,1.B
8ivs__1__1.A_1.B__1.C,1.C
8ivt__1__1.A_1.B__1.F,1.F
8ivu__1__1.A_1.B__1.I,1.I
8iw3__1__1.A_1.B__1.C,1.C
8iw6__1__1.A_1.B__1.F,1.F
8ixq__1__1.B__1.E,1.E
8izc__1__1.A_1.B__1.I,1.I
8j30__1__1.A__1.C,1.C
8j40__1__1.A_2.A__1.D,1.D
8j5e__1__1.A__1.B,1.B
8j5f__1__2.A__2.B,2.B
8j5x__1__1.A__1.B,1.B
8j6n__1__1.A_1.D__1.M,1.M
8j7j__1__1.A_1.B__1.C,1.C
8jb3__1__1.A__1.B,1.B
8jby__1__1.A__1.C,1.C
8jg8__1__1.A__1.B,1.B
8jjq__1__1.A__1.D,1.D
8jjt__1__1.A__1.D,1.D
8jmo__1__1.A__1.D,1.D
8jmp__1__1.A__1.D,1.D
8jot__1__1.A__1.B,1.B
8jqz__1__1.A_2.B__1.C,1.C
8jt3__1__1.A_1.C__1.E,1.E
8ju9__1__1.A_2.A_4.A__1.B,1.B
8jub__1__1.A_1.B_1.D__1.E,1.E
8jwy__1__1.A__1.B,1.B
8jya__1__1.B__1.G,1.G
8jyc__1__1.A_1.B_1.C__1.T,1.T
8jye__1__1.A_1.B_1.D__1.P,1.P
8jyf__1__1.B__1.F,1.F
8k2k__1__1.A__1.B,1.B
8k2m__1__1.A__1.B,1.B
8k4c__1__1.B__1.G,1.G
8k5y__1__1.A__1.H,1.H
8ki5__1__1.A__1.B,1.B
8og5__1__1.A__1.D,1.D
8og8__1__1.A__1.B,1.B
8og9__1__1.A__1.B,1.B
8oiz__1__1.B__1.J,1.J
8oku__1__1.A_1.B__1.C,1.C
8ol4__1__1.B_1.C__1.P,1.P
8ome__1__1.A_1.D__1.E,1.E
8onn__1__1.A__1.F,1.F
8ooj__1__1.B__1.H,1.H
8oov__1__1.A_1.B__1.D,1.D
8opu__1__1.A_1.C_1.D__1.IA,1.IA
8opv__1__1.B__1.Q,1.Q
8oqm__1__1.B__1.N,1.N
8oqn__1__1.A_1.D__1.I,1.I
8oqp__1__1.D__1.PA,1.PA
8oqq__1__1.A__1.I,1.I
8oqs__1__1.C_1.D__1.OA,1.OA
8oqv__1__1.B__1.Q,1.Q
8orc__1__1.B__1.J,1.J
8oru__1__1.A_1.B__1.M,1.M
8otv__1__1.A_1.B__1.F,1.F
8ou2__1__1.A__1.C,1.C
8ou3__1__1.A_1.C__1.E,1.E
8ou5__1__1.A_1.C__1.E,1.E
8ouu__1__1.A__1.F,1.F
8ov7__1__1.A__1.B,1.B
8ovr__1__1.A__1.B,1.B
8ow7__1__1.A_1.C__1.G,1.G
8ow9__1__1.A_1.B__1.G,1.G
8p0e__1__1.A__1.C,1.C
8p0m__1__1.C__1.L,1.L
8p0p__1__1.A__1.C,1.C
8p1e__1__1.D_1.E__1.P,1.P
8p1p__1__1.A__1.E,1.E
8p3e__1__1.B__1.F,1.F
8p44__1__1.A_1.B__1.E,1.E
8p4z__1__1.A__1.C,1.C
8p5c__1__1.A_1.B__1.C,1.C
8paf__1__1.A_1.B__1.C,1.C
8pbo__1__1.A__1.C,1.C
8pfl__1__1.A__1.C,1.C
8pj0__1__1.A_1.B__1.V,1.V
8pj7__1__1.A__1.B,1.B
8pji__1__1.A__1.E,1.E
8pl6__1__1.A__1.C,1.C
8plb__1__1.A__1.D,1.D
8ple__1__1.A__1.F,1.F
8plp__1__2.B__2.F,2.F
8plu__1__1.A__1.D,1.D
8plw__1__2.B__2.G,2.G
8plx__1__2.B__2.F,2.F
8pom__1__1.A__1.C,1.C
8pp0__1__1.A__1.C,1.C
8pp8__1__1.A__1.D,1.D
8ppf__1__1.A__1.D,1.D
8pq9__1__1.A__1.C,1.C
8pqa__1__1.A__1.C,1.C
8pqf__1__1.A__1.C,1.C
8pqq__1__1.B_1.D__1.J,1.J
8pqr__1__1.A_1.B_1.C__1.E,1.E
8px2__1__1.A__1.B,1.B
8px8__1__1.A__1.D,1.D
8pxt__1__1.C__1.L,1.L
8pyi__1__1.A__1.I,1.I
8pyn__1__1.A__1.B,1.B
8q0t__1__1.A__1.C,1.C
8q0u__1__1.A__1.D,1.D
8q17__1__1.A__1.F,1.F
8q1m__1__1.A_1.B__1.G,1.G
8q2u__1__1.A__1.C,1.C
8q2w__1__1.A__1.C,1.C
8q2y__1__1.A__1.C,1.C
8q31__1__1.A__1.C,1.C
8q34__1__1.A__1.F,1.F
8qc4__1__1.A__1.C,1.C
8qdy__1__1.A_2.A__1.B,1.B
8qdz__1__1.A_2.A__2.B,2.B
8qe0__1__1.A_2.A__2.B,2.B
8qe1__1__1.A_2.A__1.B,1.B
8qe3__1__1.A_2.A__1.B,1.B
8qel__1__1.B__1.C,1.C
8qhq__1__1.A_1.B__1.G,1.G
8qk2__1__1.A__1.D,1.D
8qk5__1__1.A__1.D,1.D
8qk9__1__1.A__1.D,1.D
8qka__1__1.A__1.D,1.D
8qlr__1__1.B__1.F,1.F
8qnh__1__1.A__1.B,1.B
8qqg__1__1.A__1.D,1.D
8qqy__1__1.A__1.B,1.B
8qrt__1__1.B__1.F,1.F
8qtg__1__1.A__1.B,1.B
8qth__1__1.A__1.B,1.B
8qtj__1__1.A__1.E,1.E
8qtl__1__1.A_1.B__1.G,1.G
8qyq__1__1.A__1.H,1.H
8r0i__1__1.A_2.A__1.D,1.D
8r11__1__1.A_1.B__1.C,1.C
8r12__1__1.A_1.B__1.C,1.C
8r1n__1__1.A__1.C,1.C
8r1p__1__1.A_1.B__1.C,1.C
8r3d__1__1.B_1.E__1.J,1.J
8r42__1__1.B__1.Q,1.Q
8r4o__1__1.A__1.M,1.M
8r4u__1__1.A__1.I,1.I
8rcw__1__1.A__1.C,1.C
8rdk__1__1.A__1.D,1.D
8rkq__1__1.A__1.E,1.E
8s98__1__1.A__1.D,1.D
8se5__1__1.A_1.B__1.H,1.H
8se6__1__1.A_1.B__1.F,1.F
8sge__1__1.A__1.H,1.H
8sip__1__1.A_1.B__1.C,1.C
8six__1__1.A__1.B,1.B
8skn__1__1.A__1.C,1.C
8slg__1__1.A__1.C,1.C
8smf__1__1.B_1.E__1.I,1.I
8smg__1__1.B_2.A__1.C,1.C
8sua__1__1.A__1.B,1.B
8sv9__1__1.A__1.C,1.C
8swe__1__1.A__1.E,1.E
8swr__1__1.A_1.B__1.I,1.I
8sx2__1__1.A__1.C,1.C
8sx4__1__1.A__1.C,1.C
8sxy__1__1.A__1.C,1.C
8sye__1__1.A__1.C,1.C
8sz3__1__1.A_2.B__1.G,1.G
8sze__1__1.A__1.C,1.C
8t1y__1__1.A__1.B,1.B
8t27__1__1.A__1.B,1.B
8t9v__1__1.A__1.B,1.B
8tbs__1__1.A_1.B__1.M,1.M
8tbu__1__1.A_1.B__1.I,1.I
8tce__1__1.A__1.C,1.C
8tjc__1__1.A__1.K,1.K
8tl8__1__1.A__1.C,1.C
8tn6__1__1.A__1.D,1.D
8tnb__1__1.A_1.C__1.F,1.F
8tnc__1__1.B__1.E,1.E
8tnd__1__1.B__1.F,1.F
8tqv__1__1.A__1.C,1.C
8ts9__1__1.A__1.C,1.C
8tsa__1__1.A__1.C,1.C
8tsd__1__1.A__1.C,1.C
8tti__1__1.A__1.E,1.E
8ttz__1__2.B__2.GA,2.GA
8typ__1__1.A__1.C,1.C
8u2e__1__1.A__1.B,1.B
8u2r__1__1.A__1.C,1.C
8u37__1__1.A__1.B,1.B
8u4w__1__1.A__1.E,1.E
8u7w__1__1.A__1.C,1.C
8u7x__1__1.A__1.C,1.C
8u8j__1__1.A__1.B,1.B
8u8k__1__1.A__1.B,1.B
8u97__1__1.A__1.B,1.B
8uak__1__1.A__1.B,1.B
8ufp__1__1.A_1.B__1.K,1.K
8ug1__1__1.B__1.H,1.H
8ug3__1__1.A_1.B__1.C,1.C
8ujy__1__1.B__1.D,1.D
8uk6__1__1.A__1.C,1.C
8uob__1__1.A__1.B,1.B
8ur9__1__1.A_1.B__1.C,1.C
8usm__1__1.A__1.C,1.C
8uuf__1__1.A__1.B,1.B
8uuu__1__1.A__1.B,1.B
8uuv__1__1.A__1.B,1.B
8ux7__1__1.B__1.I,1.I
8v2k__1__1.C_1.D__1.N,1.N
8v4a__1__1.C_1.D__1.M,1.M
8v4p__1__1.A__1.L,1.L
8v5g__1__1.A__1.D,1.D
8v8e__1__1.A__1.D,1.D
8v8j__1__1.A__1.F,1.F
8v9p__1__1.C_1.D__1.M,1.M
8w0b__1__1.A__1.D,1.D
8w0d__1__1.A__1.E,1.E
8w0j__1__1.A__1.D,1.D
8w0m__1__1.C__1.F,1.F
8w4s__1__1.A__1.D,1.D
8wd4__1__1.A__1.B,1.B
8wdx__1__1.A__1.B,1.B
8wjy__1__1.A__1.B,1.B
8wnj__1__1.A__1.F,1.F
8wo2__1__1.A__1.D,1.D
8wrj__1__1.A__1.B,1.B
8wsm__1__1.A__1.D,1.D
8wsw__1__1.A__1.E,1.E
8wzq__1__1.A__1.C,1.C
8x1a__1__1.A__1.B,1.B
8xfd__1__1.C_1.D__1.N,1.N
8xhd__1__1.A_1.B__1.C,1.C
8y33__1__1.A__1.B,1.B
9eun__1__1.A__1.E,1.E
9f40__1__1.A__1.Q,1.Q
9f41__1__1.A__1.Q,1.Q
