system_id,status
5s9l__1__1.A__1.H_1.I,no_symmetry_contacts
5s9m__1__1.A__1.C_1.I,no_symmetry_contacts
5s9y__1__1.A__1.K,no_symmetry_contacts
5sau__1__1.A__1.B,no_symmetry_contacts
5sav__1__1.A__1.B,no_symmetry_contacts
5saw__1__1.A__1.B,no_symmetry_contacts
5sdh__1__1.A_1.B__1.F,no_symmetry_contacts
5sdu__1__1.A__1.G,no_symmetry_contacts
5sdy__1__1.A__1.D,no_symmetry_contacts
5se0__1__1.A__1.G,no_symmetry_contacts
5se2__1__1.A__1.G,no_symmetry_contacts
5se3__1__1.A__1.G,no_symmetry_contacts
5se5__1__1.A__1.G,no_symmetry_contacts
5se6__1__1.A__1.G,no_symmetry_contacts
5se8__1__1.A__1.G,no_symmetry_contacts
5se9__1__1.A__1.G,no_symmetry_contacts
5sea__1__1.A__1.G,no_symmetry_contacts
5seb__1__1.A__1.G,no_symmetry_contacts
5sec__1__1.A__1.G,no_symmetry_contacts
5see__1__1.A__1.E,no_symmetry_contacts
5seh__1__1.A__1.G,no_symmetry_contacts
5sek__1__1.A__1.G,no_symmetry_contacts
5sel__1__1.A__1.G,no_symmetry_contacts
5sem__1__1.A__1.G,no_symmetry_contacts
5sen__1__1.A__1.G,no_symmetry_contacts
5seo__1__1.A__1.G,no_symmetry_contacts
5sex__1__1.A__1.G,no_symmetry_contacts
5sez__1__1.A__1.G,no_symmetry_contacts
5sf0__1__1.A__1.G,no_symmetry_contacts
5sf1__1__1.A__1.E,no_symmetry_contacts
5sf4__1__1.A__1.G,no_symmetry_contacts
5sf7__1__1.A__1.G,no_symmetry_contacts
5sfc__1__1.A__1.G,no_symmetry_contacts
5sfd__1__1.A__1.G,no_symmetry_contacts
5sfg__1__1.A__1.G,no_symmetry_contacts
5sfh__1__1.A__1.G,no_symmetry_contacts
5sfl__1__1.A__1.G,no_symmetry_contacts
5sfn__1__1.A__1.G,no_symmetry_contacts
5sfo__1__1.A__1.G,no_symmetry_contacts
5sfp__1__1.A__1.G,no_symmetry_contacts
5sfr__1__1.A__1.G,no_symmetry_contacts
5sfx__1__1.A__1.G,no_symmetry_contacts
5sfy__1__1.A__1.G,no_symmetry_contacts
5sg0__1__1.A__1.G,no_symmetry_contacts
5sg5__1__1.A__1.G,no_symmetry_contacts
5sg6__1__1.A__1.G,no_symmetry_contacts
5sg9__1__1.A__1.G,no_symmetry_contacts
5sgg__1__1.A__1.G,no_symmetry_contacts
5sgh__1__1.A__1.G,no_symmetry_contacts
5sgk__1__1.A__1.G,no_symmetry_contacts
5sgl__1__1.A__1.G,no_symmetry_contacts
5sgm__1__1.A__1.D,no_symmetry_contacts
5sgp__1__1.A__1.H,no_symmetry_contacts
5sgr__1__1.A__1.G,no_symmetry_contacts
5sgs__1__1.A__1.G,no_symmetry_contacts
5sgt__1__1.A__1.G,no_symmetry_contacts
5sgu__1__1.A__1.G,no_symmetry_contacts
5sgw__1__1.A__1.G,no_symmetry_contacts
5sgx__1__1.A__1.G,no_symmetry_contacts
5sgz__1__1.A__1.G,no_symmetry_contacts
5sh0__1__1.A__1.G,no_symmetry_contacts
5sh1__1__1.A__1.G,no_symmetry_contacts
5sh2__1__1.A__1.G,no_symmetry_contacts
5sh6__1__1.A__1.G,no_symmetry_contacts
5sh8__1__1.A__1.E,no_symmetry_contacts
5shc__1__1.A__1.G,no_symmetry_contacts
5shf__1__1.A__1.G,no_symmetry_contacts
5shg__1__1.A__1.G,no_symmetry_contacts
5shh__1__1.A__1.G,no_symmetry_contacts
5shi__1__1.A__1.E,no_symmetry_contacts
5shk__1__1.A__1.G,no_symmetry_contacts
5shp__1__1.A__1.G,no_symmetry_contacts
5shr__1__1.A__1.G,no_symmetry_contacts
5shu__1__1.A__1.G,no_symmetry_contacts
5shw__1__1.A__1.G,no_symmetry_contacts
5shx__1__1.A__1.G,no_symmetry_contacts
5si3__1__1.A__1.E,no_symmetry_contacts
5si5__1__1.A__1.G,no_symmetry_contacts
5si6__1__1.A__1.G,no_symmetry_contacts
5si7__1__1.A__1.G,no_symmetry_contacts
5si8__1__1.A__1.G,no_symmetry_contacts
5si9__1__1.A__1.G,no_symmetry_contacts
5sie__1__1.A__1.G,no_symmetry_contacts
5sif__1__1.A__1.I,no_symmetry_contacts
5sig__1__1.A__1.G,no_symmetry_contacts
5sih__1__1.A__1.H,no_symmetry_contacts
5sio__1__1.A__1.H,no_symmetry_contacts
5sip__1__1.A__1.G,no_symmetry_contacts
5siq__1__1.A__1.H,no_symmetry_contacts
5sir__1__1.A__1.G,no_symmetry_contacts
5siy__1__1.A__1.G,no_symmetry_contacts
5siz__1__1.A__1.G,no_symmetry_contacts
5sj1__1__1.A__1.G,no_symmetry_contacts
5sj7__1__1.A__1.G,no_symmetry_contacts
5sj8__1__1.A__1.G,no_symmetry_contacts
5sjb__1__1.A__1.G,no_symmetry_contacts
5sjc__1__1.A__1.F,no_symmetry_contacts
5sjf__1__1.A__1.H,no_symmetry_contacts
5sjg__1__1.A__1.G,no_symmetry_contacts
5sjl__1__1.A__1.G,no_symmetry_contacts
5sjo__1__1.A__1.H,no_symmetry_contacts
5sjt__1__1.A__1.H,no_symmetry_contacts
5sju__1__1.A__1.G,no_symmetry_contacts
5sjv__1__1.A__1.G,no_symmetry_contacts
5sjw__1__1.A__1.I,no_symmetry_contacts
5sk0__1__1.A__1.G,no_symmetry_contacts
5sk4__1__1.A__1.G,no_symmetry_contacts
5sk5__1__1.A__1.H,no_symmetry_contacts
5sk6__1__1.A__1.G,no_symmetry_contacts
5sk9__1__1.A__1.G,no_symmetry_contacts
5skd__1__1.A__1.G,no_symmetry_contacts
5ske__1__1.A__1.G,no_symmetry_contacts
5skf__1__1.A__1.I,no_symmetry_contacts
5skg__1__1.A__1.G,no_symmetry_contacts
5skh__1__1.A__1.H,no_symmetry_contacts
5ski__1__1.A__1.G,no_symmetry_contacts
5skl__1__1.A__1.G,no_symmetry_contacts
5skm__1__1.A__1.G,no_symmetry_contacts
5sko__1__1.A__1.G,no_symmetry_contacts
5skr__1__1.A__1.G,no_symmetry_contacts
5skt__1__1.A__1.G,no_symmetry_contacts
5sku__1__1.A__1.G,no_symmetry_contacts
5slg__1__1.A__1.G,no_symmetry_contacts
5umb__1__1.A__1.E_1.F_1.G,no_symmetry_contacts
6th4__1__1.C_1.D__1.T,no_symmetry_contacts
6xqr__1__1.B__1.E,no_symmetry_contacts
6z48__1__1.B__1.J,no_symmetry_contacts
6zfz__1__1.A__1.B,no_symmetry_contacts
6zg4__1__1.A__1.B,no_symmetry_contacts
6zg9__1__1.A__1.B,no_symmetry_contacts
6zk2__1__1.A_1.B__1.E_1.F,no_symmetry_contacts
6zk5__1__1.A_1.B__1.F_1.G,no_symmetry_contacts
7a4q__1__1.A__1.B,no_symmetry_contacts
7a9g__1__1.A_1.B__1.O_1.P,no_symmetry_contacts
7a9h__1__1.A_1.B__1.C_1.D,no_symmetry_contacts
7aag__1__1.A__1.G_1.H,no_symmetry_contacts
7ab9__1__1.A__1.G_1.P,no_symmetry_contacts
7abe__1__1.A__1.G_1.W,no_symmetry_contacts
7abj__1__1.A__1.T,no_symmetry_contacts
7afz__1__2.A__2.B_2.C_2.D,no_symmetry_contacts
7ait__1__1.A__1.C,no_symmetry_contacts
7aiu__1__1.A__1.H,no_symmetry_contacts
7aiw__1__2.B__2.M,no_symmetry_contacts
7an8__1__1.B__1.E,no_symmetry_contacts
7ana__1__1.A__1.C,no_symmetry_contacts
7ay9__1__1.A__1.I,no_symmetry_contacts
7aya__1__1.A__1.H_1.N_1.U,no_symmetry_contacts
7ayz__1__1.A__1.D,no_symmetry_contacts
7b2u__1__1.A_1.B__1.C,no_symmetry_contacts
7b3g__1__1.A__1.I,no_symmetry_contacts
7b3h__1__1.A__1.H,no_symmetry_contacts
7b3i__1__1.A__1.I,no_symmetry_contacts
7b3p__1__1.A__1.G,no_symmetry_contacts
7b3x__1__1.A__1.F,no_symmetry_contacts
7b4x__1__1.A__1.M,no_symmetry_contacts
7b6v__1__1.C_1.D__1.Y,no_symmetry_contacts
7b87__1__1.A__1.N,no_symmetry_contacts
7b89__1__1.A__1.D,no_symmetry_contacts
7b9p__1__1.A_2.A__1.B_1.C,no_symmetry_contacts
7bbn__1__1.B__1.E_1.F,no_symmetry_contacts
7bc9__1__1.A__1.J,no_symmetry_contacts
7bcf__1__1.A__1.H,no_symmetry_contacts
7bdd__1__1.A__1.G,no_symmetry_contacts
7bi6__1__1.A__1.B_1.G,no_symmetry_contacts
7blw__1__1.A__1.F,no_symmetry_contacts
7bm3__1__1.A__1.M_1.P,no_symmetry_contacts
7bm7__1__1.A__1.F,no_symmetry_contacts
7bmd__1__1.A__1.G_1.R,no_symmetry_contacts
7bn5__1__1.A__1.G,no_symmetry_contacts
7bn7__1__1.A__1.E_1.F,no_symmetry_contacts
7bn8__1__1.A__1.G,no_symmetry_contacts
7bnc__1__1.A__1.K,no_symmetry_contacts
7bo3__1__1.A__1.M_1.N,no_symmetry_contacts
7bo7__1__1.A__1.C,no_symmetry_contacts
7cqs__1__1.A__1.B_1.C,no_symmetry_contacts
7dcb__1__1.A_1.B__1.C_1.D,no_symmetry_contacts
7dcw__1__1.A_1.B__1.D,no_symmetry_contacts
7dg4__1__1.A__1.B,no_symmetry_contacts
7dgc__1__1.A_1.B__1.C_1.D,no_symmetry_contacts
7dh3__1__1.A__1.B,no_symmetry_contacts
7dh9__1__1.A__1.B,no_symmetry_contacts
7dhn__1__1.A__1.B,no_symmetry_contacts
7di7__1__1.A__1.D,no_symmetry_contacts
7dia__1__1.A__1.D_1.E_1.G,no_symmetry_contacts
7dij__1__1.A__1.F_1.J,no_symmetry_contacts
7dji__1__1.D_1.E__1.L,no_symmetry_contacts
7dlc__1__1.A_1.B__1.C_1.D,no_symmetry_contacts
7dm6__1__1.A_1.B__1.C_1.D,no_symmetry_contacts
7dml__1__1.A__1.E,no_symmetry_contacts
7dn8__1__1.B__1.I_1.J,no_symmetry_contacts
7dnn__1__1.A_1.B__1.E,no_symmetry_contacts
7dow__1__1.A_1.B__1.C,no_symmetry_contacts
7dox__1__1.A_1.B__1.E_1.F,no_symmetry_contacts
7doy__1__1.A_1.B__1.E,no_symmetry_contacts
7dpk__1__1.A_1.B__1.C_1.D,no_symmetry_contacts
7du9__1__1.A_1.B__1.D,no_symmetry_contacts
7dua__1__1.B__1.D,no_symmetry_contacts
7dut__1__2.A__2.B_2.C,no_symmetry_contacts
7duy__1__1.A__1.B_1.C_1.D,no_symmetry_contacts
7dva__1__1.A__1.C_1.E,no_symmetry_contacts
7dvb__1__1.A__1.E,no_symmetry_contacts
7dw7__1__1.A__1.B_1.JB_1.KB_1.LB,no_symmetry_contacts
7dxl__1__1.A__1.C,no_symmetry_contacts
7dyq__1__1.A__1.B_1.C,no_symmetry_contacts
7dyw__1__1.A__1.B_1.C,no_symmetry_contacts
7e1g__1__1.A__1.C_1.D,no_symmetry_contacts
7e1n__1__1.A_1.B__1.D,no_symmetry_contacts
7e60__1__1.A__1.B_1.C,no_symmetry_contacts
7eba__1__1.A__1.C,no_symmetry_contacts
7ed1__1__1.A_1.B__1.C_1.D_1.E_1.F,no_symmetry_contacts
7ed2__1__1.A_1.B__1.F_1.G_1.H,no_symmetry_contacts
7ee5__1__1.A__1.H,no_symmetry_contacts
7ei4__1__1.A_1.B_1.C__1.F,no_symmetry_contacts
7ejv__1__1.B__1.D,no_symmetry_contacts
7ejw__1__1.A_1.B__1.I_1.J,no_symmetry_contacts
7ekr__1__1.A__1.C,no_symmetry_contacts
7elt__1__2.A__2.B,no_symmetry_contacts
7ems__1__1.A__1.D,no_symmetry_contacts
7ene__1__1.A_1.B__1.E,no_symmetry_contacts
7eqk__1__1.B__1.F_1.G,no_symmetry_contacts
7er2__1__1.A__1.B,no_symmetry_contacts
7es1__1__1.A__1.C,no_symmetry_contacts
7esb__1__1.A__1.B_1.C_1.D_1.E,no_symmetry_contacts
7esc__1__1.A__1.B_1.C,no_symmetry_contacts
7eue__1__1.B__1.F,no_symmetry_contacts
7euz__1__1.B__1.E_1.F,no_symmetry_contacts
7eve__1__1.A__1.B_1.C_1.D,no_symmetry_contacts
7ex2__1__1.A__1.C_1.D_1.E,no_symmetry_contacts
7exp__1__1.B__1.H_1.I,no_symmetry_contacts
7exu__1__1.A__1.C,no_symmetry_contacts
7eyt__1__1.A_1.C__1.E_1.F_1.G,no_symmetry_contacts
7eyu__1__1.A_1.B__1.C_1.D_1.E,no_symmetry_contacts
7ezf__1__1.B__1.G,no_symmetry_contacts
7ezp__1__1.D__1.L,no_symmetry_contacts
7ezq__1__2.A__2.B_2.C,no_symmetry_contacts
7ezr__1__1.B__1.G,no_symmetry_contacts
7f06__1__1.A__1.C,no_symmetry_contacts
7f10__1__1.B__1.C,no_symmetry_contacts
7f14__1__1.B__1.D,no_symmetry_contacts
7f1u__1__1.A_1.B__1.E,no_symmetry_contacts
7f1v__1__1.C_1.D__1.F,no_symmetry_contacts
7f21__1__1.A__1.C_1.D,no_symmetry_contacts
7f2k__1__1.A__1.C_1.D_1.E,no_symmetry_contacts
7f2l__1__1.A__1.C_1.D_1.E,no_symmetry_contacts
7f2m__1__1.A__1.C_1.D_1.E,no_symmetry_contacts
7f2u__1__1.A__1.C_1.D_1.E,no_symmetry_contacts
7f42__1__1.B__1.C,no_symmetry_contacts
7f4c__1__1.A__1.C_1.D,no_symmetry_contacts
7f50__1__1.A__1.B_1.C_1.E,no_symmetry_contacts
7f6j__1__1.A__1.D_1.E,no_symmetry_contacts
7f6w__1__2.A__2.B,no_symmetry_contacts
7f7d__1__2.A__2.B,no_symmetry_contacts
7f83__1__1.B__1.J,no_symmetry_contacts
7f8t__1__1.A__1.L_1.M,no_symmetry_contacts
7f8u__1__1.A__1.B,no_symmetry_contacts
7fai__1__1.A__1.E,no_symmetry_contacts
7faj__1__1.A__1.E,no_symmetry_contacts
7fak__1__1.A__1.B,no_symmetry_contacts
7faq__1__1.A__1.B_1.C_1.D_1.E,no_symmetry_contacts
7far__1__1.A__1.B_1.C_1.D,no_symmetry_contacts
7fcz__1__2.B__2.D,no_symmetry_contacts
7fd0__1__1.A__1.C,no_symmetry_contacts
7fd6__1__1.A__1.B,no_symmetry_contacts
7fe2__1__1.A__1.E_1.I,no_symmetry_contacts
7fee__1__1.A__1.D,no_symmetry_contacts
7fee__1__1.A__1.E,no_symmetry_contacts
7fgc__1__1.B__1.E,no_symmetry_contacts
7fgd__1__1.B__1.E,no_symmetry_contacts
7fgm__1__1.A__1.C_1.D_1.E,no_symmetry_contacts
7fgp__1__1.A__1.C_1.G,no_symmetry_contacts
7fha__1__1.A__1.C,no_symmetry_contacts
7fhb__1__1.A__1.B,no_symmetry_contacts
7fhs__1__1.A__1.E_1.G,no_symmetry_contacts
7fis__1__1.D__1.CA_1.Y,no_symmetry_contacts
7fja__1__1.A__1.C_1.D,no_symmetry_contacts
7fnt__1__1.B__1.C,no_symmetry_contacts
7fsd__1__1.A__1.I,no_symmetry_contacts
7fti__1__1.A__1.C,no_symmetry_contacts
7ftm__1__1.A__1.C,no_symmetry_contacts
7ftv__1__1.A__1.C,no_symmetry_contacts
7ftw__1__1.A__1.C,no_symmetry_contacts
7ftz__1__1.A__1.D,no_symmetry_contacts
7fu2__1__1.A__1.C,no_symmetry_contacts
7fu6__1__1.A__1.C,no_symmetry_contacts
7fu7__1__1.A__1.C,no_symmetry_contacts
7fu8__1__1.A__1.C,no_symmetry_contacts
7fuc__1__1.A__1.C,no_symmetry_contacts
7fuf__1__1.A__1.C,no_symmetry_contacts
7fum__1__1.A__1.C,no_symmetry_contacts
7fw3__1__1.A__1.B,no_symmetry_contacts
7fwb__1__1.A__1.B,no_symmetry_contacts
7fwe__1__1.A__1.B,no_symmetry_contacts
7fwh__1__1.A__1.B,no_symmetry_contacts
7fwi__1__1.A__1.D,no_symmetry_contacts
7fwl__1__1.A__1.B,no_symmetry_contacts
7fwm__1__1.A__1.B,no_symmetry_contacts
7fwn__1__1.A__1.D,no_symmetry_contacts
7fwr__1__1.A__1.B,no_symmetry_contacts
7fx1__1__1.A__1.B,no_symmetry_contacts
7fxi__1__1.A__1.D,no_symmetry_contacts
7fy8__1__1.A__1.I_1.J,no_symmetry_contacts
7fyr__1__1.A__1.B,no_symmetry_contacts
7fys__1__1.A__1.B,no_symmetry_contacts
7fyx__1__1.A__1.C,no_symmetry_contacts
7fz0__1__1.A__1.E,no_symmetry_contacts
7fz3__1__1.A__1.B,no_symmetry_contacts
7fzc__1__1.A__1.B,no_symmetry_contacts
7fzl__1__1.A__1.B,no_symmetry_contacts
7fzs__1__1.A__1.B,no_symmetry_contacts
7g00__1__1.A__1.Q,no_symmetry_contacts
7g07__1__1.A__1.B,no_symmetry_contacts
7g0g__1__1.A__1.B,no_symmetry_contacts
7g0j__1__1.A__1.D,no_symmetry_contacts
7g0t__1__1.A__1.B,no_symmetry_contacts
7g10__1__1.A__1.D,no_symmetry_contacts
7g1b__1__1.A__1.B,no_symmetry_contacts
7g1e__1__1.A__1.C,no_symmetry_contacts
7g1j__1__1.A__1.B,no_symmetry_contacts
7g1m__1__1.A__1.B,no_symmetry_contacts
7g20__1__1.A__1.B,no_symmetry_contacts
7g90__1__1.A__1.C,no_symmetry_contacts
7gav__1__1.A_1.B__1.E_1.I_1.J,no_symmetry_contacts
7gaw__1__1.A_1.B__1.K,no_symmetry_contacts
7ggd__1__1.A__1.E,no_symmetry_contacts
7ghm__1__1.A_1.B__1.N_1.P,no_symmetry_contacts
7ghn__1__1.A_1.B__1.N,no_symmetry_contacts
7gho__1__1.A_1.B__1.E_1.F,no_symmetry_contacts
7ghp__1__1.A_1.B__1.M_1.O,no_symmetry_contacts
7ghq__1__1.A_1.B__1.D_1.E,no_symmetry_contacts
7ghr__1__1.A_1.B__1.M,no_symmetry_contacts
7ghs__1__1.A_1.B__1.E_1.F,no_symmetry_contacts
7ghx__1__1.A_1.B__1.O_1.Q,no_symmetry_contacts
7ghy__1__1.A_1.B__1.O_1.P_1.Q,no_symmetry_contacts
7gi1__1__1.A_1.B__1.K_1.L_1.M_1.N,no_symmetry_contacts
7gi2__1__1.A_1.B__1.E_1.F_1.H_1.J,no_symmetry_contacts
7gi4__1__1.A_1.B__1.J,no_symmetry_contacts
7gi6__1__1.A_1.B__1.D,no_symmetry_contacts
7gi7__1__1.A_1.B__1.L,no_symmetry_contacts
7gi8__1__1.A_1.B__1.R_1.U_1.V,no_symmetry_contacts
7gi9__1__1.A_1.B__1.F,no_symmetry_contacts
7gia__1__1.A_1.B__1.F,no_symmetry_contacts
7gib__1__1.A_1.B__1.E_1.F,no_symmetry_contacts
7gic__1__1.A_1.B__1.E_1.F_1.G,no_symmetry_contacts
7gid__1__1.A_1.B__1.E_1.F,no_symmetry_contacts
7gih__1__1.A_1.B__1.L_1.P,no_symmetry_contacts
7gij__1__1.A_1.B__1.E_1.F,no_symmetry_contacts
7gim__1__1.A_1.B__1.E_1.F,no_symmetry_contacts
7gin__1__1.A_1.B__1.F_1.G,no_symmetry_contacts
7gio__1__1.A_1.B__1.L_1.O,no_symmetry_contacts
7gip__1__1.A_1.B__1.N_1.O,no_symmetry_contacts
7giq__1__1.A_1.B__1.F_1.G,no_symmetry_contacts
7gir__1__1.A_1.B__1.F_1.I,no_symmetry_contacts
7gis__1__1.A_1.B__1.E_1.F,no_symmetry_contacts
7git__1__1.A_1.B__1.E_1.F,no_symmetry_contacts
7giu__1__1.A_1.B__1.K_1.L,no_symmetry_contacts
7gix__1__1.A_1.B__1.E_1.F,no_symmetry_contacts
7giy__1__1.A_1.B__1.E_1.F,no_symmetry_contacts
7giz__1__1.A_1.B__1.E_1.F_1.G,no_symmetry_contacts
7gj0__1__1.A_1.B__1.M_1.N,no_symmetry_contacts
7gj2__1__1.A_1.B__1.E_1.F,no_symmetry_contacts
7gj4__1__1.A_1.B__1.E_1.F,no_symmetry_contacts
7gj6__1__1.A_1.B__1.E_1.F,no_symmetry_contacts
7gj8__1__1.A_1.B__1.E_1.F,no_symmetry_contacts
7gjb__1__1.A_1.B__1.E_1.F_1.H,no_symmetry_contacts
7gjc__1__1.A_1.B__1.E,no_symmetry_contacts
7gjd__1__1.A_1.B__1.E_1.F,no_symmetry_contacts
7gjf__1__1.A_1.B__1.E_1.F,no_symmetry_contacts
7gjg__1__1.A_1.B__1.E_1.F,no_symmetry_contacts
7gji__1__1.A_1.B__1.L,no_symmetry_contacts
7gjk__1__1.A_1.B__1.E_1.F,no_symmetry_contacts
7gjl__1__1.A_1.B__1.D_1.E,no_symmetry_contacts
7gjm__1__1.A_1.B__1.E_1.F_1.H,no_symmetry_contacts
7gjp__1__1.A_1.B__1.E_1.F,no_symmetry_contacts
7gjq__1__1.A_1.B__1.E_1.F,no_symmetry_contacts
7gjv__1__1.A_1.B__1.J_1.K,no_symmetry_contacts
7gjx__1__1.A_1.B__1.E_1.J,no_symmetry_contacts
7gjy__1__1.A_1.B__1.H_1.I,no_symmetry_contacts
7gjz__1__1.A_1.B__1.I_1.K,no_symmetry_contacts
7gk0__1__1.A_1.B__1.E_1.J,no_symmetry_contacts
7gk1__1__1.A_1.B__1.D_1.I,no_symmetry_contacts
7gk2__1__1.A_1.B__1.E_1.J,no_symmetry_contacts
7gk3__1__1.A_1.B__1.E_1.J,no_symmetry_contacts
7gk6__1__1.A_1.B__1.E_1.J,no_symmetry_contacts
7gk7__1__1.A_1.B__1.H,no_symmetry_contacts
7gk8__1__1.A_1.B__1.H,no_symmetry_contacts
7gk9__1__1.A_1.B__1.M_1.O,no_symmetry_contacts
7gka__1__1.A_1.B__1.E_1.J,no_symmetry_contacts
7gkc__1__1.A_1.B__1.E_1.J,no_symmetry_contacts
7gke__1__1.A_1.B__1.E_1.J,no_symmetry_contacts
7gkf__1__1.A_1.B__1.E_1.J,no_symmetry_contacts
7gkg__1__1.A_1.B__1.E_1.J,no_symmetry_contacts
7gkh__1__1.A_1.B__1.J,no_symmetry_contacts
7gki__1__1.A__1.I,no_symmetry_contacts
7gkj__1__1.A_1.B__1.E_1.J_1.K,no_symmetry_contacts
7gkk__1__1.A_1.B__1.O,no_symmetry_contacts
7gkm__1__1.A_1.B__1.I_1.J,no_symmetry_contacts
7gkn__1__1.A_1.B__1.Q_1.S_1.T,no_symmetry_contacts
7gko__1__1.A_1.B__1.I_1.J,no_symmetry_contacts
7gkp__1__1.A_1.B__1.D_1.I_1.J,no_symmetry_contacts
7gkq__1__1.A_1.B__1.E_1.J,no_symmetry_contacts
7gks__1__1.A_1.B__1.H,no_symmetry_contacts
7gkt__1__1.A_1.B__1.E_1.J,no_symmetry_contacts
7gkw__1__1.A_1.B__1.E_1.J,no_symmetry_contacts
7gkx__1__1.A_1.B__1.I,no_symmetry_contacts
7gkz__1__1.A_1.B__1.E_1.J,no_symmetry_contacts
7gl1__1__1.A_1.B__1.D_1.I,no_symmetry_contacts
7gl2__1__1.A_1.B__1.H_1.I,no_symmetry_contacts
7gl3__1__1.A_1.B__1.H,no_symmetry_contacts
7gl5__1__1.A_1.B__1.D_1.I_1.K,no_symmetry_contacts
7gl6__1__1.A_1.B__1.E_1.J,no_symmetry_contacts
7gl7__1__1.A_1.B__1.E_1.J,no_symmetry_contacts
7gla__1__1.A_1.B__1.I,no_symmetry_contacts
7glb__1__1.A_1.B__1.N,no_symmetry_contacts
7gld__1__1.A_1.B__1.H,no_symmetry_contacts
7glg__1__1.A_1.B__1.H,no_symmetry_contacts
7gli__1__1.A_1.B__1.L,no_symmetry_contacts
7gln__1__1.A_1.B__1.I,no_symmetry_contacts
7glo__1__1.A_1.B__1.E_1.J,no_symmetry_contacts
7glq__1__1.A_1.B__1.E_1.J,no_symmetry_contacts
7glw__1__1.A_1.B__1.E_1.J_1.K,no_symmetry_contacts
7gly__1__1.A_1.B__1.I,no_symmetry_contacts
7gm0__1__1.A_1.B__1.N,no_symmetry_contacts
7gm1__1__1.A_1.B__1.I,no_symmetry_contacts
7gm3__1__1.A_1.B__1.D_1.I,no_symmetry_contacts
7gm4__1__1.A_1.B__1.I,no_symmetry_contacts
7gm5__1__1.A_1.B__1.I,no_symmetry_contacts
7gm6__1__1.A_1.B__1.N,no_symmetry_contacts
7gm8__1__1.A_1.B__1.I,no_symmetry_contacts
7gm9__1__1.A_1.B__1.I,no_symmetry_contacts
7gma__1__1.A_1.B__1.J,no_symmetry_contacts
7gmb__1__1.A_1.B__1.D_1.I,no_symmetry_contacts
7gmh__1__1.A_1.B__1.O,no_symmetry_contacts
7gmi__1__1.A_1.B__1.D_1.I,no_symmetry_contacts
7gmj__1__1.A_1.B__1.E_1.J_1.K,no_symmetry_contacts
7gmk__1__1.A_1.B__1.E_1.J,no_symmetry_contacts
7gml__1__1.A_1.B__1.E_1.J,no_symmetry_contacts
7gmm__1__1.A_1.B__1.E_1.J,no_symmetry_contacts
7gmo__1__1.A_1.B__1.E_1.J,no_symmetry_contacts
7gmp__1__1.A_1.B__1.D_1.I,no_symmetry_contacts
7gmq__1__1.A_1.B__1.D_1.I,no_symmetry_contacts
7gms__1__1.A_1.B__1.I,no_symmetry_contacts
7gmu__1__1.A_1.B__1.I,no_symmetry_contacts
7gmw__1__1.A_1.B__1.E_1.J,no_symmetry_contacts
7gmy__1__1.A_1.B__1.I,no_symmetry_contacts
7gn0__1__1.A_1.B__1.I,no_symmetry_contacts
7gn4__1__1.A_1.B__1.E_1.J,no_symmetry_contacts
7gn5__1__1.A_1.B__1.I,no_symmetry_contacts
7gn8__1__1.A_1.B__1.I_1.J,no_symmetry_contacts
7gn9__1__1.A_1.B__1.O,no_symmetry_contacts
7gnb__1__1.A_1.B__1.M_1.O,no_symmetry_contacts
7gnc__1__1.A_1.B__1.E_1.J,no_symmetry_contacts
7gnd__1__1.A_1.B__1.E_1.J,no_symmetry_contacts
7gnf__1__1.A_1.B__1.P_1.R,no_symmetry_contacts
7gng__1__1.A_1.B__1.Q,no_symmetry_contacts
7gnh__1__1.A_1.B__1.M,no_symmetry_contacts
7gni__1__1.A_1.B__1.E_1.J_1.K,no_symmetry_contacts
7gnk__1__1.A_1.B__1.T,no_symmetry_contacts
7gnl__1__1.A_1.B__1.N,no_symmetry_contacts
7gnm__1__1.A_1.B__1.S,no_symmetry_contacts
7gnn__1__1.A_1.B__1.I,no_symmetry_contacts
7gno__1__1.A_1.B__1.P_1.S,no_symmetry_contacts
7gnp__1__1.A_1.B__1.H_1.J,no_symmetry_contacts
7gnq__1__1.A_1.B__1.G_1.I_1.L,no_symmetry_contacts
7gnr__1__1.A_1.B__1.E_1.J,no_symmetry_contacts
7gns__1__1.A_1.B__1.H_1.J,no_symmetry_contacts
7gnt__1__1.A_1.B__1.N_1.O,no_symmetry_contacts
7gnu__1__1.A_1.B__1.O_1.Q,no_symmetry_contacts
7grr__1__1.A__1.D,no_symmetry_contacts
7grs__1__1.B__1.Q,no_symmetry_contacts
7grt__1__1.A__1.C_1.E_1.I,no_symmetry_contacts
7grw__1__1.B__1.M_1.N,no_symmetry_contacts
7h1j__1__1.B__1.E,no_symmetry_contacts
7jhq__1__2.D__2.Q,no_symmetry_contacts
7jni__1__1.A__1.C,no_symmetry_contacts
7jty__1__1.A__1.E_1.J,no_symmetry_contacts
7jxa__1__1.C__1.I,no_symmetry_contacts
7k4g__1__1.B__1.J_1.K_1.L,no_symmetry_contacts
7k4h__1__1.F__1.V_1.W_1.X,no_symmetry_contacts
7k4i__1__1.B__1.J_1.K_1.L,no_symmetry_contacts
7k4j__1__1.E__1.S_1.T_1.U,no_symmetry_contacts
7k5v__1__1.A__1.C,no_symmetry_contacts
7kad__1__1.A__1.E_1.F,no_symmetry_contacts
7kb6__1__1.A__1.OA_1.Q_1.R,no_symmetry_contacts
7kb8__1__1.A__1.E,no_symmetry_contacts
7kbj__1__1.B_1.C__1.L_1.M_1.O,no_symmetry_contacts
7kbr__1__1.B_1.C__1.EA_1.IA_1.N,no_symmetry_contacts
7kgy__1__2.C_2.D__2.J,no_symmetry_contacts
7kh4__1__1.A_1.F__1.G_1.W,no_symmetry_contacts
7knr__1__1.A__1.B_1.C_1.D,no_symmetry_contacts
7kop__1__1.A__1.B_1.C_1.D,no_symmetry_contacts
7kry__1__1.A__1.E_1.F,no_symmetry_contacts
7kxz__1__1.A__1.C,no_symmetry_contacts
7l1j__1__1.A_1.B__1.E_1.G,no_symmetry_contacts
7l1p__1__1.A_1.B__1.C,no_symmetry_contacts
7l3m__1__1.A__1.B_1.D_1.E_1.F_1.G,no_symmetry_contacts
7l8o__1__1.A__1.G_1.H,no_symmetry_contacts
7l91__1__3.A__3.B_3.C_3.D,no_symmetry_contacts
7lbv__1__1.A__1.B,no_symmetry_contacts
7ldy__1__1.A_1.B__1.H,no_symmetry_contacts
7le3__1__1.A_1.B__1.C,no_symmetry_contacts
7le5__1__1.A_1.B__1.H,no_symmetry_contacts
7le6__1__1.A_1.B__1.C,no_symmetry_contacts
7lff__1__1.A__1.C_1.D,no_symmetry_contacts
7lm4__1__1.A__1.B_1.C_1.D,no_symmetry_contacts
7lnh__1__2.A_2.B__2.E,no_symmetry_contacts
7lp0__1__1.A__1.C,no_symmetry_contacts
7lpk__1__1.A__1.C,no_symmetry_contacts
7lpw__1__1.A_1.B__1.G,no_symmetry_contacts
7lr9__1__1.A__1.C,no_symmetry_contacts
7lrk__1__1.A__1.C,no_symmetry_contacts
7lro__1__1.A__1.D,no_symmetry_contacts
7ltz__1__1.A__1.B_1.C,no_symmetry_contacts
7lv3__1__1.A_1.B__1.C_1.D_1.E,no_symmetry_contacts
7lxr__1__1.A__1.E_1.F,no_symmetry_contacts
7lzr__1__1.A_1.B__1.H,no_symmetry_contacts
7m0n__1__1.B__1.J_1.M_1.N,no_symmetry_contacts
7m94__1__1.B__1.J,no_symmetry_contacts
7m95__1__1.B__1.K,no_symmetry_contacts
7m96__1__1.A__1.E,no_symmetry_contacts
7m9g__1__1.A_1.B__1.E,no_symmetry_contacts
7m9h__1__1.A_1.B__1.E,no_symmetry_contacts
7m9r__1__1.A_1.B__1.C,no_symmetry_contacts
7m9t__1__1.A_1.B__1.D,no_symmetry_contacts
7m9v__1__1.A_1.B__1.C,no_symmetry_contacts
7m9x__1__1.A_1.B__1.C,no_symmetry_contacts
7ma0__1__1.A_1.B__1.I,no_symmetry_contacts
7ma1__1__1.A_1.B__1.M,no_symmetry_contacts
7ma2__1__1.A_1.B__1.E,no_symmetry_contacts
7ma3__1__1.A_1.B__1.E,no_symmetry_contacts
7ma4__1__1.A_1.B__1.D,no_symmetry_contacts
7ma5__1__1.A_1.B__1.G,no_symmetry_contacts
7ma7__1__1.A_1.B__1.E,no_symmetry_contacts
7ma8__1__1.A_1.B__1.E,no_symmetry_contacts
7maq__1__1.A_1.B__1.C,no_symmetry_contacts
7mbw__1__1.A__1.E_1.F,no_symmetry_contacts
7mcj__1__1.A__1.C_1.D,no_symmetry_contacts
7mdp__1__1.A__1.D,no_symmetry_contacts
7mgj__1__1.A__1.E,no_symmetry_contacts
7mgk__1__1.A__1.E,no_symmetry_contacts
7mgt__1__1.A__1.B_1.C_1.D,no_symmetry_contacts
7mjd__1__1.B__1.S,no_symmetry_contacts
7mkx__1__1.A__1.E,no_symmetry_contacts
7mlo__1__1.A__1.C,no_symmetry_contacts
7mlp__1__1.A__1.B,no_symmetry_contacts
7mmr__1__1.A_1.E__1.BA_1.CA_1.K,no_symmetry_contacts
7mnw__1__1.A__1.I_1.J,no_symmetry_contacts
7msk__1__1.A__1.C_1.D,no_symmetry_contacts
7mt4__1__2.A_2.B__2.C,no_symmetry_contacts
7mu0__1__1.A__1.C_1.F,no_symmetry_contacts
7mwn__1__1.A_1.B__1.C,no_symmetry_contacts
7mxk__1__1.A__1.B_1.C,no_symmetry_contacts
7mxn__1__1.A__1.C,no_symmetry_contacts
7my0__1__1.A__1.C_1.F_1.G,no_symmetry_contacts
7myd__1__1.A__1.C_1.G,no_symmetry_contacts
7myj__1__1.A__1.G,no_symmetry_contacts
7n1r__1__1.A__1.P_1.Q_1.R,no_symmetry_contacts
7n4w__1__1.A__1.D,no_symmetry_contacts
7n4z__1__1.A__1.F,no_symmetry_contacts
7n53__1__1.A__1.D,no_symmetry_contacts
7n54__1__1.B__1.H,no_symmetry_contacts
7n8w__1__1.A_1.B__1.C_1.E,no_symmetry_contacts
7n9d__1__1.A__1.D,no_symmetry_contacts
7n9g__1__1.A__1.E_1.F,no_symmetry_contacts
7nag__1__1.A__1.C,no_symmetry_contacts
7nah__1__1.A__1.C,no_symmetry_contacts
7nai__1__1.A__1.C,no_symmetry_contacts
7nb3__1__1.A__1.C,no_symmetry_contacts
7nb7__1__1.A__1.E,no_symmetry_contacts
7ng1__1__2.A__2.C_2.D,no_symmetry_contacts
7ngd__1__1.A__1.B,no_symmetry_contacts
7ngg__1__2.A__2.B,no_symmetry_contacts
7ngi__1__2.A__2.C,no_symmetry_contacts
7ngj__1__1.A__1.B,no_symmetry_contacts
7ngk__1__2.A__2.C,no_symmetry_contacts
7ngm__1__2.A__2.B,no_symmetry_contacts
7ngs__1__1.A__1.B,no_symmetry_contacts
7ngw__1__2.A__2.B,no_symmetry_contacts
7ngx__1__1.A__1.B,no_symmetry_contacts
7ngy__1__2.A__2.B,no_symmetry_contacts
7nlk__1__1.A__1.C_1.E,no_symmetry_contacts
7nlm__1__1.A__1.B_1.C,no_symmetry_contacts
7nlv__1__1.A_1.C__1.G,no_symmetry_contacts
7nqw__1__1.A__1.D_1.E_1.F,no_symmetry_contacts
7nr5__1__1.A__1.F,no_symmetry_contacts
7nr6__1__1.B__1.H,no_symmetry_contacts
7nr8__1__1.A__1.F_1.I,no_symmetry_contacts
7nsn__1__1.A__1.J,no_symmetry_contacts
7ntb__1__1.A__1.B_1.C,no_symmetry_contacts
7ntz__1__1.A__1.B,no_symmetry_contacts
7nud__1__1.B__1.D,no_symmetry_contacts
7nue__1__1.A__1.C,no_symmetry_contacts
7nwa__1__1.A_1.B__1.E,no_symmetry_contacts
7nwc__1__1.A_1.B__1.G,no_symmetry_contacts
7nxu__1__1.A__1.B_1.C_1.D,no_symmetry_contacts
7nya__1__1.A_1.B__1.F,no_symmetry_contacts
7nzy__1__1.A__1.E,no_symmetry_contacts
7o1b__1__1.A__1.E,no_symmetry_contacts
7o6x__1__1.A__1.E,no_symmetry_contacts
7o7k__1__1.A__1.E,no_symmetry_contacts
7o9i__1__1.A__1.B,no_symmetry_contacts
7oa1__1__1.A__1.D_1.H,no_symmetry_contacts
7oa4__1__1.A__1.E_1.F_1.H_1.I,no_symmetry_contacts
7oat__1__1.B__1.F_1.G,no_symmetry_contacts
7ocp__1__1.B__1.J_1.K,no_symmetry_contacts
7ocs__1__1.D__1.BB,no_symmetry_contacts
7odn__1__1.A_1.B__1.J,no_symmetry_contacts
7oed__1__1.A__1.C,no_symmetry_contacts
7of8__1__1.A__1.B,no_symmetry_contacts
7ofa__1__1.A__1.B_1.C,no_symmetry_contacts
7ohg__1__1.A__1.B_1.D_1.E_1.F,no_symmetry_contacts
7oj6__1__1.A_1.C__1.Y,no_symmetry_contacts
7ojq__1__1.A_1.C__1.F,no_symmetry_contacts
7ojw__1__1.A_1.C__1.F,no_symmetry_contacts
7ok8__1__1.A__1.B_1.C_1.D,no_symmetry_contacts
7oli__1__1.A__1.C,no_symmetry_contacts
7olj__1__1.A_1.B__1.E,no_symmetry_contacts
7om1__1__1.A_1.B__1.E,no_symmetry_contacts
7omd__1__1.A__1.C_1.D,no_symmetry_contacts
7ome__1__1.A__1.B,no_symmetry_contacts
7omo__1__1.A__1.C,no_symmetry_contacts
7omr__1__1.A__1.B,no_symmetry_contacts
7on9__1__1.A__1.E_1.F,no_symmetry_contacts
7opm__1__1.A__1.D,no_symmetry_contacts
7oq6__1__1.B__1.H_1.J,no_symmetry_contacts
7orq__1__1.A__1.B_1.C_1.D,no_symmetry_contacts
7osx__1__1.A__1.C,no_symmetry_contacts
7ou8__1__1.A__1.C,no_symmetry_contacts
7oum__1__1.A__1.K,no_symmetry_contacts
7ouw__1__1.A__1.C,no_symmetry_contacts
7ouy__1__1.A_1.B__1.M_1.N,no_symmetry_contacts
7ovd__1__1.A__1.B,no_symmetry_contacts
7oy5__1__1.A__1.C,no_symmetry_contacts
7oyf__1__1.A_1.B__1.C_1.D_1.E_1.F_1.S,no_symmetry_contacts
7oze__1__1.A__1.E_1.F,no_symmetry_contacts
7p0h__1__1.C__1.V_1.W,no_symmetry_contacts
7p0x__1__1.A_1.B__1.D_1.G,no_symmetry_contacts
7p1f__1__1.A__1.C,no_symmetry_contacts
7p1o__1__1.A__1.D,no_symmetry_contacts
7p1s__1__1.A__1.E,no_symmetry_contacts
7p1u__1__1.A__1.C_1.D,no_symmetry_contacts
7p2t__1__1.A__1.E_1.H,no_symmetry_contacts
7p3b__1__1.A__1.C_1.D_1.E,no_symmetry_contacts
7p3v__1__1.B__1.D,no_symmetry_contacts
7p4c__1__1.A__1.E_1.F,no_symmetry_contacts
7p5e__1__1.A__1.B_1.D,no_symmetry_contacts
7p5f__1__1.A__1.C,no_symmetry_contacts
7p5i__1__1.A__1.D,no_symmetry_contacts
7p5k__1__1.A__1.C,no_symmetry_contacts
7p5n__1__1.A__1.C,no_symmetry_contacts
7p5p__1__1.A__1.D,no_symmetry_contacts
7p84__1__1.A_1.B__1.E_1.F_1.G_1.H,no_symmetry_contacts
7p8m__1__1.A_1.B__1.E_1.F_1.G_1.H,no_symmetry_contacts
7p97__1__1.A__1.C_1.D_1.E,no_symmetry_contacts
7pa1__1__1.A__1.D,no_symmetry_contacts
7paw__1__1.B__1.C,no_symmetry_contacts
7pcc__1__1.A_1.B__1.C_1.I,no_symmetry_contacts
7pcs__1__1.B__1.G_1.H,no_symmetry_contacts
7pd6__1__1.A_1.B__1.K,no_symmetry_contacts
7pdb__1__1.C_1.D__1.H,no_symmetry_contacts
7pdr__1__1.A_1.E__1.I,no_symmetry_contacts
7pdt__1__1.A__1.E,no_symmetry_contacts
7pe4__1__1.A__1.B_1.C,no_symmetry_contacts
7pe5__1__1.D_1.E__1.I,no_symmetry_contacts
7pe6__1__1.A_1.B__1.F,no_symmetry_contacts
7pfm__1__1.A_1.B__1.C,no_symmetry_contacts
7pfs__1__1.B__1.AA_1.W,no_symmetry_contacts
7phe__1__1.A__1.C,no_symmetry_contacts
7phn__1__1.A__1.B_1.C,no_symmetry_contacts
7pi1__1__1.A__1.F,no_symmetry_contacts
7pj9__1__1.A__1.C,no_symmetry_contacts
7pjk__1__1.A__1.E,no_symmetry_contacts
7plf__1__1.A__1.C_1.D,no_symmetry_contacts
7pn9__1__1.A__1.B_1.C,no_symmetry_contacts
7pom__1__1.C__1.I_1.J,no_symmetry_contacts
7poo__1__1.A_1.B__1.G,no_symmetry_contacts
7pox__1__1.A__1.C,no_symmetry_contacts
7ppg__1__1.A_1.B__1.E_1.G_1.H,no_symmetry_contacts
7pph__1__1.A_1.B__1.H_1.J,no_symmetry_contacts
7ppq__1__1.B__1.H,no_symmetry_contacts
7ppy__1__1.A_1.B__1.E_1.F,no_symmetry_contacts
7pqs__1__1.A__1.C,no_symmetry_contacts
7pqv__1__1.A__1.B,no_symmetry_contacts
7pri__1__1.A__1.C_1.F,no_symmetry_contacts
7psc__1__1.A_1.B__1.C_1.D,no_symmetry_contacts
7pu8__1__1.A_1.B__1.H,no_symmetry_contacts
7puc__1__1.C_1.D__1.I,no_symmetry_contacts
7puq__1__1.C_1.D__1.K,no_symmetry_contacts
7put__1__1.A__1.I,no_symmetry_contacts
7puw__1__1.B__1.G_1.H,no_symmetry_contacts
7pv6__1__1.A_1.B__1.E_1.H,no_symmetry_contacts
7pvn__1__1.A__1.C_1.H_1.J,no_symmetry_contacts
7pwd__1__1.A__1.D,no_symmetry_contacts
7pwy__1__1.A_1.B__1.I_1.J,no_symmetry_contacts
7px0__1__1.B__1.T_1.W,no_symmetry_contacts
7pz1__1__1.A__1.D,no_symmetry_contacts
7pzu__1__1.A__1.B_1.C,no_symmetry_contacts
7pzv__1__1.A__1.B_1.C,no_symmetry_contacts
7q29__1__1.A__1.G_1.I_1.J_1.O,no_symmetry_contacts
7q2o__1__1.A_1.B__1.D,no_symmetry_contacts
7q4f__1__1.A_1.C__1.J,no_symmetry_contacts
7q6f__1__1.A__1.C_1.D,no_symmetry_contacts
7q6g__1__1.A__1.B_1.C,no_symmetry_contacts
7q6v__1__1.A__1.E,no_symmetry_contacts
7q7c__1__1.A__1.B_1.C,no_symmetry_contacts
7q7i__1__1.A__1.B,no_symmetry_contacts
7q7k__1__1.A__1.B,no_symmetry_contacts
7q8k__1__1.A__1.C_1.F_1.H,no_symmetry_contacts
7q8q__1__1.A__1.C_1.E_1.J,no_symmetry_contacts
7q8z__1__1.A__1.E,no_symmetry_contacts
7q90__1__1.A__1.D,no_symmetry_contacts
7qa3__1__1.A__1.C,no_symmetry_contacts
7qaa__1__1.B__1.D,no_symmetry_contacts
7qan__1__1.A__1.C_1.D,no_symmetry_contacts
7qea__1__1.A__1.C,no_symmetry_contacts
7qei__1__1.A__1.B,no_symmetry_contacts
7qfe__1__1.A__1.D,no_symmetry_contacts
7qg1__1__1.A__1.C,no_symmetry_contacts
7qg3__1__1.A__1.C,no_symmetry_contacts
7qg5__1__1.A__1.C,no_symmetry_contacts
7qgm__1__2.A__2.B_2.C_2.E,no_symmetry_contacts
7qgt__1__1.B__1.F,no_symmetry_contacts
7qgz__1__1.A__1.B_1.C,no_symmetry_contacts
7qh1__1__1.A__1.E_1.F,no_symmetry_contacts
7qhd__1__1.A__1.J_1.P,no_symmetry_contacts
7qhe__1__1.A__1.I,no_symmetry_contacts
7qhl__1__1.A__1.E,no_symmetry_contacts
7qhz__1__1.A__1.B,no_symmetry_contacts
7qi0__1__1.A__1.C,no_symmetry_contacts
7qnh__1__1.B__1.E_1.F,no_symmetry_contacts
7qnn__1__1.A__1.C,no_symmetry_contacts
7qoz__1__1.B__1.L_1.M,no_symmetry_contacts
7qqa__1__1.A_1.B__1.H_1.I,no_symmetry_contacts
7qrb__1__1.A__1.G,no_symmetry_contacts
7qrc__1__1.A__1.D,no_symmetry_contacts
7qrk__1__1.A__1.B_1.C_1.D,no_symmetry_contacts
7qt2__1__1.A_1.B__1.E,no_symmetry_contacts
7qt6__1__1.A__1.B,no_symmetry_contacts
7qty__1__1.A__1.C,no_symmetry_contacts
7qy9__1__1.A__1.C,no_symmetry_contacts
7qyn__1__1.B__1.O,no_symmetry_contacts
7r02__1__1.B__1.L,no_symmetry_contacts
7r0a__1__1.A__1.C,no_symmetry_contacts
7r0d__1__1.A_1.B__1.E_1.F,no_symmetry_contacts
7r26__1__1.A__1.B,no_symmetry_contacts
7r2v__1__1.A__1.C_1.D,no_symmetry_contacts
7r2y__1__1.A_1.C__1.G_1.H,no_symmetry_contacts
7r4a__1__1.A__1.C,no_symmetry_contacts
7r6g__1__1.A__1.C,no_symmetry_contacts
7r6z__1__1.A__1.C_1.E_1.F,no_symmetry_contacts
7r7e__1__1.A__1.C_1.D_1.F,no_symmetry_contacts
7r7l__1__1.A__1.C,no_symmetry_contacts
7r7r__1__1.A__1.B,no_symmetry_contacts
7r9n__1__1.B__1.E,no_symmetry_contacts
7r9p__1__1.A__1.C,no_symmetry_contacts
7r9t__1__1.A__1.C,no_symmetry_contacts
7rae__1__1.A__1.C,no_symmetry_contacts
7raf__1__1.A__1.C,no_symmetry_contacts
7rbw__1__1.A__1.C,no_symmetry_contacts
7rc9__1__1.A_1.B__1.X,no_symmetry_contacts
7rck__1__1.A__1.C_1.D,no_symmetry_contacts
7rf9__1__1.A_1.B__1.G,no_symmetry_contacts
7rh3__1__1.A__1.C,no_symmetry_contacts
7rh4__1__1.A__1.C,no_symmetry_contacts
7rke__1__1.A__1.E,no_symmetry_contacts
7rl2__1__1.A__1.C,no_symmetry_contacts
7rmw__1__1.A__1.G,no_symmetry_contacts
7rnm__1__1.B__1.F,no_symmetry_contacts
7rnp__1__1.A__1.E,no_symmetry_contacts
7rof__1__1.A__1.E,no_symmetry_contacts
7ror__1__1.A__1.C_1.D,no_symmetry_contacts
7ros__1__1.A__1.C,no_symmetry_contacts
7rq0__1__1.A_1.B__1.L,no_symmetry_contacts
7rrb__1__1.A__1.C,no_symmetry_contacts
7rrc__1__1.A__1.C,no_symmetry_contacts
7rre__1__1.A__1.B_1.C_1.D,no_symmetry_contacts
7rsp__1__1.A__1.C_1.D,no_symmetry_contacts
7rst__1__1.A__1.E_1.F,no_symmetry_contacts
7rsv__1__1.A__1.C_1.D,no_symmetry_contacts
7rwe__1__1.A__1.B,no_symmetry_contacts
7rwf__1__1.A__1.C,no_symmetry_contacts
7rxo__1__1.A__1.C,no_symmetry_contacts
7s14__1__1.A_1.B__1.E_1.K,no_symmetry_contacts
7s1c__1__1.A__1.C,no_symmetry_contacts
7s1d__1__1.A__1.C,no_symmetry_contacts
7s6u__1__1.A__1.B,no_symmetry_contacts
7s6v__1__1.A__1.B,no_symmetry_contacts
7s7t__1__1.A__1.B,no_symmetry_contacts
7s7x__1__1.A__1.D,no_symmetry_contacts
7s84__1__1.A__1.B,no_symmetry_contacts
7sa0__1__1.A__1.F,no_symmetry_contacts
7scr__1__1.E__1.K,no_symmetry_contacts
7scw__1__1.A_1.B__1.C_1.D,no_symmetry_contacts
7sdd__1__2.A__2.B,no_symmetry_contacts
7sdr__1__1.A__1.D,no_symmetry_contacts
7se9__1__1.A__1.C_1.D,no_symmetry_contacts
7sel__1__1.A__1.C,no_symmetry_contacts
7sez__1__1.A__1.B,no_symmetry_contacts
7sfo__1__1.A__1.E,no_symmetry_contacts
7sgg__1__1.A__1.B_1.D,no_symmetry_contacts
7sgi__1__1.A__1.B_1.C,no_symmetry_contacts
7sgj__1__1.A__1.B_1.E,no_symmetry_contacts
7sgk__1__1.A__1.B_1.C,no_symmetry_contacts
7sh0__1__1.A__1.C_1.D_1.H,no_symmetry_contacts
7sh1__1__1.A__1.C_1.J,no_symmetry_contacts
7shh__1__1.A__1.E,no_symmetry_contacts
7si4__1__1.A__1.B,no_symmetry_contacts
7si5__1__1.A__1.D,no_symmetry_contacts
7sia__1__1.A_1.B__1.C,no_symmetry_contacts
7siu__1__1.A__1.C,no_symmetry_contacts
7sj2__1__1.A__1.K_1.M,no_symmetry_contacts
7slr__1__1.A_1.B__1.C,no_symmetry_contacts
7sls__1__1.A_1.B__1.C,no_symmetry_contacts
7slz__1__1.A__1.B,no_symmetry_contacts
7snz__1__1.A_1.B__1.C,no_symmetry_contacts
7so1__1__1.A_1.B__1.C,no_symmetry_contacts
7sok__1__1.A__1.E,no_symmetry_contacts
7sqe__1__1.A__1.D,no_symmetry_contacts
7sqm__1__1.A__1.B,no_symmetry_contacts
7ssj__1__1.A__1.G_1.H,no_symmetry_contacts
7suf__1__1.A__1.B_1.D,no_symmetry_contacts
7sv5__1__1.A__1.C_1.D,no_symmetry_contacts
7sxg__1__1.A__1.C,no_symmetry_contacts
7sxj__1__1.A__1.C,no_symmetry_contacts
7sz3__1__1.B__1.I,no_symmetry_contacts
7sza__1__1.A__1.E,no_symmetry_contacts
7szb__1__1.A__1.E,no_symmetry_contacts
7szc__1__1.A__1.F,no_symmetry_contacts
7szp__1__1.A_1.B__1.E_1.J,no_symmetry_contacts
7szr__1__1.A__1.G,no_symmetry_contacts
7t0a__1__1.A_1.B__1.BA_1.CA_1.GA_1.HA,no_symmetry_contacts
7t0c__1__1.A_1.B__1.VA,no_symmetry_contacts
7t0f__1__1.A_1.B__1.C,no_symmetry_contacts
7t1d__1__1.A_1.B__1.G_1.I,no_symmetry_contacts
7t39__1__1.A__1.B,no_symmetry_contacts
7t4t__1__1.A__1.C_1.E,no_symmetry_contacts
7t5k__1__1.A__1.D,no_symmetry_contacts
7t5x__1__1.A_1.C__1.I,no_symmetry_contacts
7t5y__1__1.B__1.G,no_symmetry_contacts
7t5z__1__1.A_1.C__1.I,no_symmetry_contacts
7t60__1__1.B_1.C__1.M,no_symmetry_contacts
7t61__1__1.B_1.C__1.L,no_symmetry_contacts
7t6c__1__1.A__1.E,no_symmetry_contacts
7t7m__1__1.A__1.I,no_symmetry_contacts
7t9r__1__1.A__1.F,no_symmetry_contacts
7tab__1__1.A__1.B,no_symmetry_contacts
7taz__1__1.A__1.C,no_symmetry_contacts
7tba__1__1.A__1.U_1.V_1.W,no_symmetry_contacts
7tbc__1__1.A__1.B_1.J_1.L_1.S,no_symmetry_contacts
7tbd__1__1.A__1.E,no_symmetry_contacts
7tbu__1__1.A__1.D,no_symmetry_contacts
7td8__1__1.A_1.B__1.AA_1.W,no_symmetry_contacts
7te8__1__1.A_1.B__1.E,no_symmetry_contacts
7tem__1__1.A__1.C_1.G,no_symmetry_contacts
7tgk__1__1.A__1.Q_1.R_1.S,no_symmetry_contacts
7tgl__1__1.B__1.R_1.S_1.U_1.W_1.X,no_symmetry_contacts
7tjo__1__1.A__1.E,no_symmetry_contacts
7tm5__1__1.A__1.C_1.D_1.E,no_symmetry_contacts
7tmf__1__1.A_1.B__1.J_1.P,no_symmetry_contacts
7tmz__1__1.A_1.B__1.V_1.Z,no_symmetry_contacts
7toc__1__1.A_1.B__1.C_1.D_1.G_1.L,no_symmetry_contacts
7ttp__1__1.A__1.B_1.C,no_symmetry_contacts
7tuo__1__1.A__1.B,no_symmetry_contacts
7twu__1__1.B__1.N,no_symmetry_contacts
7twz__1__1.A__1.G_1.K,no_symmetry_contacts
7txh__1__1.A__1.G_1.H_1.I,no_symmetry_contacts
7txk__1__1.A__1.C,no_symmetry_contacts
7tzb__1__1.A__1.C,no_symmetry_contacts
7u0t__1__1.A_1.B__1.H,no_symmetry_contacts
7u1m__1__1.A__1.D,no_symmetry_contacts
7u2p__1__1.A_1.B__1.C_1.D,no_symmetry_contacts
7u2z__1__1.A__1.C,no_symmetry_contacts
7u30__1__1.A__1.I,no_symmetry_contacts
7u31__1__1.A__1.D,no_symmetry_contacts
7u3m__1__1.A__1.B_1.C,no_symmetry_contacts
7u4g__1__4.A__4.E,no_symmetry_contacts
7u4o__1__1.A__1.G,no_symmetry_contacts
7u59__1__1.A__1.E_1.F,no_symmetry_contacts
7u5z__1__1.A_1.B__1.C,no_symmetry_contacts
7u64__1__1.A_1.B__1.S,no_symmetry_contacts
7u6a__1__1.A__1.B_1.F,no_symmetry_contacts
7u6b__1__1.A__1.B_1.E,no_symmetry_contacts
7u70__1__1.A__1.C,no_symmetry_contacts
7u8v__1__1.A__1.C,no_symmetry_contacts
7u8w__1__1.A__1.C,no_symmetry_contacts
7u8x__1__1.A__1.B,no_symmetry_contacts
7u8z__1__1.A__1.F_1.G,no_symmetry_contacts
7u91__1__1.A__1.C_1.D,no_symmetry_contacts
7u98__1__1.A__1.E,no_symmetry_contacts
7u99__1__1.A__1.B,no_symmetry_contacts
7u9a__1__1.A__1.B,no_symmetry_contacts
7u9u__1__2.A__2.C_2.D,no_symmetry_contacts
7u9v__1__1.A_1.B__1.U_1.Y,no_symmetry_contacts
7uad__1__1.A__1.B,no_symmetry_contacts
7uas__1__1.A__1.C,no_symmetry_contacts
7uaw__1__1.A_1.B__1.C,no_symmetry_contacts
7ubo__1__1.A__1.E,no_symmetry_contacts
7ubr__1__1.A_1.B__1.AA_1.V_1.Z,no_symmetry_contacts
7ucy__1__1.A_1.B__1.U_1.Y,no_symmetry_contacts
7udg__1__1.A_1.B__1.U_1.X,no_symmetry_contacts
7udh__1__1.A_1.B__1.U_1.Y,no_symmetry_contacts
7udq__1__1.A__1.C,no_symmetry_contacts
7ue0__1__1.A_1.B__1.U_1.Y,no_symmetry_contacts
7ug5__1__1.A__1.E,no_symmetry_contacts
7ugb__1__1.A__1.C,no_symmetry_contacts
7ugl__1__1.A__1.C,no_symmetry_contacts
7ugl__1__1.A__1.D,no_symmetry_contacts
7uh8__1__1.A_1.B__1.U_1.Y,no_symmetry_contacts
7uj4__1__1.A__1.C_1.D,no_symmetry_contacts
7uj7__1__1.A__1.E,no_symmetry_contacts
7uj8__1__1.A__1.C,no_symmetry_contacts
7ujc__1__1.B__1.D,no_symmetry_contacts
7uje__1__1.A_1.B__1.AA_1.W,no_symmetry_contacts
7ujf__1__1.A__1.E,no_symmetry_contacts
7ujh__1__1.A_1.B__1.D,no_symmetry_contacts
7ujk__1__1.A_1.B__1.V_1.Z,no_symmetry_contacts
7ujo__1__1.D__1.H,no_symmetry_contacts
7ujy__1__1.B__1.F,no_symmetry_contacts
7uk7__1__1.A__1.B_1.C_1.D_1.F,no_symmetry_contacts
7uko__1__1.A_1.B__1.U_1.Y,no_symmetry_contacts
7ukp__1__1.A_1.B__1.S_1.V,no_symmetry_contacts
7ukr__1__1.A__1.C,no_symmetry_contacts
7ukt__1__1.A_1.B__1.U_1.Y,no_symmetry_contacts
7um4__1__1.A__1.I,no_symmetry_contacts
7umo__1__1.A__1.G_1.I,no_symmetry_contacts
7un0__1__1.A__1.G,no_symmetry_contacts
7uor__1__1.A__1.G_1.H,no_symmetry_contacts
7uoy__1__1.A__1.C_1.D_1.F,no_symmetry_contacts
7uq1__1__1.A__1.B_1.D,no_symmetry_contacts
7ur3__1__1.A__1.B,no_symmetry_contacts
7ur9__1__1.A_1.B__1.D,no_symmetry_contacts
7usg__1__1.A__1.B,no_symmetry_contacts
7usi__1__1.A__1.G,no_symmetry_contacts
7ut5__1__1.A__1.C,no_symmetry_contacts
7utc__1__1.C_1.D__1.LA_1.MA_1.PA,no_symmetry_contacts
7uw2__1__1.A__1.C,no_symmetry_contacts
7uw4__1__1.A__1.C,no_symmetry_contacts
7uwp__1__1.A__1.C_1.D,no_symmetry_contacts
7uy0__1__1.A__1.E,no_symmetry_contacts
7v04__1__1.A__1.B_1.C_1.D,no_symmetry_contacts
7v13__1__1.A__1.C,no_symmetry_contacts
7v16__1__1.A__1.C,no_symmetry_contacts
7v17__1__1.A__1.C,no_symmetry_contacts
7v18__1__1.A__1.C,no_symmetry_contacts
7v1o__1__1.A__1.D,no_symmetry_contacts
7v1q__1__1.E__1.AA_1.BA,no_symmetry_contacts
7v3d__1__1.A_1.B__1.F,no_symmetry_contacts
7v3s__1__1.A__1.B,no_symmetry_contacts
7v41__1__1.A__1.B_1.C,no_symmetry_contacts
7v62__1__1.C__1.M,no_symmetry_contacts
7v6x__1__1.A__1.B_1.C,no_symmetry_contacts
7va2__1__1.A__1.D_1.E,no_symmetry_contacts
7vb3__1__1.A_1.B__1.R_1.T_1.U,no_symmetry_contacts
7vbt__1__1.B__1.D,no_symmetry_contacts
7vbv__1__1.B__1.N,no_symmetry_contacts
7vdp__1__1.A__1.E_1.F,no_symmetry_contacts
7vdq__1__1.A__1.E,no_symmetry_contacts
7vdr__1__1.A__1.E_1.F_1.N,no_symmetry_contacts
7vds__1__1.A__1.E,no_symmetry_contacts
7vem__1__1.A_1.B__1.C_1.D,no_symmetry_contacts
7vez__1__1.A_1.D__1.E,no_symmetry_contacts
7vf6__1__1.B__1.H_1.J,no_symmetry_contacts
7vhy__1__1.A__1.F,no_symmetry_contacts
7vhz__1__1.A__1.F,no_symmetry_contacts
7vi0__1__1.A__1.F,no_symmetry_contacts
7vi7__1__1.A__1.C,no_symmetry_contacts
7vjt__1__1.A__1.C,no_symmetry_contacts
7vkh__1__1.A__1.C,no_symmetry_contacts
7vl0__1__1.A__1.C,no_symmetry_contacts
7vl2__1__1.A__1.C,no_symmetry_contacts
7vl3__1__1.A__1.C,no_symmetry_contacts
7vl6__1__1.A__1.C,no_symmetry_contacts
7vl7__1__1.A__1.C,no_symmetry_contacts
7vm0__1__1.A__1.C_1.D,no_symmetry_contacts
7vm7__1__1.A__1.B,no_symmetry_contacts
7vmy__1__1.A__1.C_1.D_1.E,no_symmetry_contacts
7vnh__1__1.A__1.C,no_symmetry_contacts
7vo5__1__1.A__1.B,no_symmetry_contacts
7vpe__1__1.A__1.B,no_symmetry_contacts
7vpr__1__1.B__1.F,no_symmetry_contacts
7vpu__1__1.A__1.E,no_symmetry_contacts
7vqp__1__1.A__1.C,no_symmetry_contacts
7vre__1__1.A__1.B,no_symmetry_contacts
7vrh__1__1.A__1.D,no_symmetry_contacts
7vsl__1__1.A__1.D,no_symmetry_contacts
7vte__1__1.A__1.F,no_symmetry_contacts
7vtf__1__1.A_1.B__1.F,no_symmetry_contacts
7vtg__1__1.A__1.E,no_symmetry_contacts
7vve__1__1.A__1.D_1.H,no_symmetry_contacts
7vvt__1__1.A__1.C,no_symmetry_contacts
7vwe__1__1.A__1.D,no_symmetry_contacts
7vwg__1__1.A__1.D,no_symmetry_contacts
7vwh__1__1.B__1.F,no_symmetry_contacts
7vwt__1__1.B__1.H,no_symmetry_contacts
7vx0__1__1.A__1.C_1.D,no_symmetry_contacts
7vyj__1__1.B__1.DA_1.T_1.U,no_symmetry_contacts
7w0g__1__1.B__1.D,no_symmetry_contacts
7w1i__1__1.A__1.B,no_symmetry_contacts
7w2d__1__1.B__1.R,no_symmetry_contacts
7w2f__1__1.A__1.M,no_symmetry_contacts
7w3p__1__1.A__1.C,no_symmetry_contacts
7w3s__1__1.B_1.D__1.F,no_symmetry_contacts
7w41__1__1.A__1.B,no_symmetry_contacts
7w4x__1__1.A__1.C_1.D_1.E,no_symmetry_contacts
7w4y__1__1.A__1.E,no_symmetry_contacts
7w5h__1__1.A__1.C_1.F,no_symmetry_contacts
7w6f__1__1.A_1.B__1.C,no_symmetry_contacts
7w6z__1__1.A__1.B_1.C,no_symmetry_contacts
7wbs__1__1.A_1.B__1.D,no_symmetry_contacts
7wc6__1__1.A__1.F,no_symmetry_contacts
7wc7__1__1.A__1.M,no_symmetry_contacts
7wc8__1__1.A__1.H,no_symmetry_contacts
7wcf__1__1.A__1.B_1.C_1.D,no_symmetry_contacts
7wcl__1__1.A__1.C,no_symmetry_contacts
7wdt__1__1.A__1.B,no_symmetry_contacts
7wdt__1__1.A__1.C,no_symmetry_contacts
7wdu__1__1.A__1.C,no_symmetry_contacts
7wew__1__1.A__1.K,no_symmetry_contacts
7wf5__1__1.A__1.C,no_symmetry_contacts
7wgl__1__1.A__1.D,no_symmetry_contacts
7wgn__1__1.A__1.B,no_symmetry_contacts
7wgo__1__1.A__1.C,no_symmetry_contacts
7wgq__1__1.A__1.C,no_symmetry_contacts
7wjs__1__1.A__1.D_1.G,no_symmetry_contacts
7wlw__1__1.A__1.I,no_symmetry_contacts
7wlx__1__1.A__1.C,no_symmetry_contacts
7wmf__1__1.A__1.C_1.E,no_symmetry_contacts
7wmh__1__1.A__1.C,no_symmetry_contacts
7wmi__1__1.B__1.F_1.G,no_symmetry_contacts
7wmj__1__1.A__1.C,no_symmetry_contacts
7wmk__1__1.A__1.B_1.G,no_symmetry_contacts
7wmo__1__1.A__1.C,no_symmetry_contacts
7wqq__1__1.A__1.C,no_symmetry_contacts
7wrg__1__1.A__1.C_1.D,no_symmetry_contacts
7wrr__1__1.A_1.B__1.E_1.F_1.H,no_symmetry_contacts
7wua__1__1.A__1.E_1.F_1.G,no_symmetry_contacts
7wux__1__1.A_1.D__1.J,no_symmetry_contacts
7x0b__1__1.A__1.C_1.E_1.N,no_symmetry_contacts
7x11__1__1.D__1.P,no_symmetry_contacts
7x2x__1__1.A__1.E_1.N,no_symmetry_contacts
7x4u__1__1.A__1.B,no_symmetry_contacts
7x5r__1__2.A__2.B_2.C_2.D,no_symmetry_contacts
7x5w__1__2.A__2.B_2.C,no_symmetry_contacts
7x5y__1__2.A__2.B_2.C_2.E,no_symmetry_contacts
7x62__1__1.A__1.B_1.C_1.D,no_symmetry_contacts
7x69__1__1.A__1.B_1.C,no_symmetry_contacts
7x7x__1__1.A__1.C,no_symmetry_contacts
7x81__1__1.A_1.B__1.D,no_symmetry_contacts
7x86__1__1.A_1.C__1.G,no_symmetry_contacts
7x9d__1__1.A__1.E,no_symmetry_contacts
7x9l__1__1.A__1.C_1.E_1.F,no_symmetry_contacts
7xaa__1__1.A__1.C_1.D_1.E,no_symmetry_contacts
7xbb__1__1.A__1.C_1.D_1.E,no_symmetry_contacts
7xbm__1__1.A__1.C_1.G,no_symmetry_contacts
7xbt__1__1.A__1.B_1.C,no_symmetry_contacts
7xbv__1__1.A__1.B,no_symmetry_contacts
7xdv__1__1.A__1.C_1.D,no_symmetry_contacts
7xdy__1__1.A__1.C_1.D,no_symmetry_contacts
7xef__1__1.A__1.E,no_symmetry_contacts
7xf7__1__1.A__1.B,no_symmetry_contacts
7xh6__1__1.A__1.E,no_symmetry_contacts
7xhh__1__1.B__1.D,no_symmetry_contacts
7xhq__1__1.A__1.C,no_symmetry_contacts
7xhy__1__1.A__1.B_1.G,no_symmetry_contacts
7xi7__1__1.A__1.B,no_symmetry_contacts
7xih__1__2.A__2.C_2.D,no_symmetry_contacts
7xjv__1__1.A__1.E_1.F_1.G_1.H_1.I,no_symmetry_contacts
7xk9__1__1.A__1.C,no_symmetry_contacts
7xka__1__1.A__1.C,no_symmetry_contacts
7xlp__1__1.A__1.B,no_symmetry_contacts
7xm7__1__1.A__1.E,no_symmetry_contacts
7xmk__1__1.A__1.D,no_symmetry_contacts
7xnc__1__1.A__1.B,no_symmetry_contacts
7xnt__1__1.C__1.I_1.J,no_symmetry_contacts
7xoz__1__1.B__1.F,no_symmetry_contacts
7xpo__1__1.B__1.H,no_symmetry_contacts
7xpt__1__2.A__2.C_2.D,no_symmetry_contacts
7xpu__1__2.A__2.C_2.D,no_symmetry_contacts
7xpv__1__1.A__1.C_1.D,no_symmetry_contacts
7xqv__1__1.A__1.D_1.E,no_symmetry_contacts
7xqz__1__1.A__1.B_1.C_1.D,no_symmetry_contacts
7xr7__1__1.A__1.B_1.C_1.D,no_symmetry_contacts
7xrr__1__1.A__1.B,no_symmetry_contacts
7xsv__1__1.A__1.B,no_symmetry_contacts
7xua__1__1.B__1.N,no_symmetry_contacts
7xub__1__1.A__1.H,no_symmetry_contacts
7xuc__1__1.A__1.H,no_symmetry_contacts
7xvh__1__2.A__2.B_2.C,no_symmetry_contacts
7xvu__1__4.A__4.C,no_symmetry_contacts
7xvv__1__3.A__3.C,no_symmetry_contacts
7xvw__1__2.A__2.C,no_symmetry_contacts
7xxc__1__1.A_1.B_1.D__1.M,no_symmetry_contacts
7xxd__1__1.B__1.K_1.L,no_symmetry_contacts
7xxm__1__1.A_1.B_1.C__1.K,no_symmetry_contacts
7xxn__1__2.A__2.B_2.C,no_symmetry_contacts
7xxp__1__1.A_1.B_1.C__1.K,no_symmetry_contacts
7xyj__1__1.A_1.B__1.E_1.F,no_symmetry_contacts
7xzr__1__1.A_1.C__1.E_1.F,no_symmetry_contacts
7y0f__1__1.B__1.G,no_symmetry_contacts
7y4a__1__1.A__1.I_1.J_1.K,no_symmetry_contacts
7y4g__1__2.A__2.D,no_symmetry_contacts
7y4u__1__1.A__1.B,no_symmetry_contacts
7y88__1__1.A__1.B_1.C_1.D,no_symmetry_contacts
7y9o__1__1.A__1.B_1.C,no_symmetry_contacts
7ya4__1__1.A__1.E_1.F,no_symmetry_contacts
7yd2__1__1.A_1.B__1.K,no_symmetry_contacts
7ydx__1__2.B__2.H,no_symmetry_contacts
7yh9__1__1.A__1.G_1.H_1.I,no_symmetry_contacts
7yhb__1__1.A__1.C_1.D_1.E,no_symmetry_contacts
7yhc__1__1.A__1.I_1.J_1.K,no_symmetry_contacts
7yja__1__1.A_1.B__1.E,no_symmetry_contacts
7yop__1__1.A_1.B__1.E,no_symmetry_contacts
7yoq__1__1.B__1.D,no_symmetry_contacts
7yp5__1__1.B__1.J_1.K,no_symmetry_contacts
7yp6__1__1.A__1.D_1.E_1.L,no_symmetry_contacts
7ypu__1__1.A_1.B__1.I,no_symmetry_contacts
7ypv__1__1.A_1.B__1.J,no_symmetry_contacts
7yqf__1__1.B__1.J_1.K,no_symmetry_contacts
7ys8__1__1.B__1.E_1.F,no_symmetry_contacts
7ysx__1__1.B__1.J,no_symmetry_contacts
7yv4__1__1.A__1.B,no_symmetry_contacts
7yxd__1__1.A__1.I,no_symmetry_contacts
7yxe__1__1.A__1.C,no_symmetry_contacts
7yxl__1__1.A__1.C_1.E,no_symmetry_contacts
7yzq__1__1.C__1.O_1.P_1.Q,no_symmetry_contacts
7yzs__1__1.A__1.B,no_symmetry_contacts
7yzu__1__1.A__1.B,no_symmetry_contacts
7z1g__1__1.A__1.B_1.D,no_symmetry_contacts
7z1w__1__1.A__1.C,no_symmetry_contacts
7z2q__1__1.A__1.C,no_symmetry_contacts
7z3y__1__1.A__1.D,no_symmetry_contacts
7z41__1__1.A__1.C,no_symmetry_contacts
7z5b__1__1.A__1.D,no_symmetry_contacts
7z5n__1__1.A__1.I_1.L_1.M,no_symmetry_contacts
7z5r__1__1.A__1.D,no_symmetry_contacts
7z5u__1__1.A__1.B_1.C,no_symmetry_contacts
7z5x__1__1.A__1.C,no_symmetry_contacts
7z62__1__2.A_2.B__2.C_2.D,no_symmetry_contacts
7z63__1__1.A__1.E_1.F,no_symmetry_contacts
7z6z__1__1.A__1.H_1.I_1.J_1.O_1.Y,no_symmetry_contacts
7z70__1__1.A__1.C_1.E_1.L,no_symmetry_contacts
7z74__1__1.A__1.B_1.C,no_symmetry_contacts
7z78__1__1.A__1.D,no_symmetry_contacts
7z9t__1__1.A__1.C,no_symmetry_contacts
7zaa__1__1.A__1.C,no_symmetry_contacts
7zbv__1__1.A__1.B_1.E,no_symmetry_contacts
7zcl__1__1.A__1.C_1.D,no_symmetry_contacts
7zeg__1__1.A__1.C,no_symmetry_contacts
7zer__1__1.A__1.B_1.C,no_symmetry_contacts
7zfv__1__1.A__1.C,no_symmetry_contacts
7zg9__1__1.A__1.C,no_symmetry_contacts
7zgb__1__1.A__1.B,no_symmetry_contacts
7zgc__1__1.A__1.B,no_symmetry_contacts
7zgd__1__1.A__1.B,no_symmetry_contacts
7zi0__1__1.A__1.C,no_symmetry_contacts
7zif__1__1.A__1.B_1.C,no_symmetry_contacts
7zig__1__1.A__1.B_1.C,no_symmetry_contacts
7zih__1__1.A__1.B_1.C,no_symmetry_contacts
7zii__1__1.A__1.B_1.C,no_symmetry_contacts
7zij__1__1.A__1.B_1.C,no_symmetry_contacts
7zik__1__1.A__1.D,no_symmetry_contacts
7ziy__1__1.A__1.C,no_symmetry_contacts
7zj0__1__1.A__1.C,no_symmetry_contacts
7zjp__1__1.A__1.C,no_symmetry_contacts
7zjq__1__1.A__1.E,no_symmetry_contacts
7zks__1__1.A__1.B,no_symmetry_contacts
7zkw__1__1.A_1.C__1.E,no_symmetry_contacts
7zkx__1__1.A__1.B_1.L,no_symmetry_contacts
7zl5__1__1.A__1.C_1.D_1.E,no_symmetry_contacts
7znw__1__1.B__1.E_1.F,no_symmetry_contacts
7zo2__1__2.A__2.B_2.C_2.F,no_symmetry_contacts
7zo3__1__2.A__2.B_2.C_2.G,no_symmetry_contacts
7zo4__1__1.A__1.B_1.C_1.G,no_symmetry_contacts
7zp7__1__1.A__1.C,no_symmetry_contacts
7zq3__1__2.A_2.B__2.C_2.D,no_symmetry_contacts
7zqk__1__1.A_1.B__1.C_1.D,no_symmetry_contacts
7zso__1__1.A_1.C__1.S,no_symmetry_contacts
7zsq__1__1.B_1.C__1.G_1.I,no_symmetry_contacts
7zst__1__1.B_1.C__1.H,no_symmetry_contacts
7zxw__1__1.A__1.C_1.D_1.G,no_symmetry_contacts
7zym__1__1.A__1.B,no_symmetry_contacts
7zyn__1__1.A__1.B,no_symmetry_contacts
7zzt__1__1.A__1.D_1.J,no_symmetry_contacts
7zzu__1__1.A__1.M_1.P,no_symmetry_contacts
7zzw__1__1.A__1.E_1.M,no_symmetry_contacts
7zzw__1__1.A__1.I_1.L,no_symmetry_contacts
8a0b__1__1.A__1.D_1.H,no_symmetry_contacts
8a0t__1__1.A__1.C,no_symmetry_contacts
8a12__1__1.A__1.D_1.G,no_symmetry_contacts
8a2p__1__1.A__1.B,no_symmetry_contacts
8a34__1__1.A__1.C_1.D,no_symmetry_contacts
8a3a__1__1.A__1.B,no_symmetry_contacts
8a4a__1__1.B__1.C_1.D,no_symmetry_contacts
8a4u__1__1.A__1.E_1.J,no_symmetry_contacts
8a56__1__1.A_1.B__1.I,no_symmetry_contacts
8a66__1__1.A__1.C,no_symmetry_contacts
8a70__1__1.A_1.B__1.D_1.E_1.F_1.G,no_symmetry_contacts
8a7a__1__1.A_1.B__1.C_1.E_1.F_1.G,no_symmetry_contacts
8a7i__1__1.A__1.C,no_symmetry_contacts
8a8t__1__2.A__2.B_2.C,no_symmetry_contacts
8a9i__1__1.A__1.B,no_symmetry_contacts
8ab3__1__1.A_1.B_1.C_1.D__1.L,no_symmetry_contacts
8abu__1__1.A__1.D,no_symmetry_contacts
8acm__1__1.A__1.E,no_symmetry_contacts
8ad7__1__1.A__1.J,no_symmetry_contacts
8adf__1__1.B__1.D,no_symmetry_contacts
8adj__1__1.A__1.D,no_symmetry_contacts
8aev__1__1.A__1.G,no_symmetry_contacts
8ai1__1__1.B__1.M_1.O,no_symmetry_contacts
8ai3__1__1.A__1.C_1.E,no_symmetry_contacts
8ai7__1__1.A__1.Q,no_symmetry_contacts
8aij__1__1.C_1.D__1.O_1.P_1.Q,no_symmetry_contacts
8ajk__1__1.A_1.B__1.D_1.E,no_symmetry_contacts
8ajv__1__1.B_1.C__1.N_1.S,no_symmetry_contacts
8ak3__1__1.A__1.B_1.C,no_symmetry_contacts
8ak6__1__1.A__1.E_1.F_1.H,no_symmetry_contacts
8akg__1__1.A__1.F_1.O,no_symmetry_contacts
8am2__1__1.A__1.D,no_symmetry_contacts
8aop__1__1.A__1.E,no_symmetry_contacts
8aoz__1__2.A__2.B_2.C_2.D,no_symmetry_contacts
8aqf__1__1.A__1.B,no_symmetry_contacts
8arj__1__1.A__1.B,no_symmetry_contacts
8ase__1__1.B__1.F_1.G,no_symmetry_contacts
8asf__1__1.B__1.E,no_symmetry_contacts
8atb__1__1.A__1.C,no_symmetry_contacts
8atl__1__1.A__1.C,no_symmetry_contacts
8av1__1__1.B__1.J_1.M,no_symmetry_contacts
8avq__1__1.A__1.H_1.O_1.R,no_symmetry_contacts
8aw1__1__1.A__1.C,no_symmetry_contacts
8aw7__1__1.A__1.B_1.C,no_symmetry_contacts
8ax0__1__1.B__1.H,no_symmetry_contacts
8axp__1__1.A__1.C,no_symmetry_contacts
8ay6__1__1.A_1.B__1.C,no_symmetry_contacts
8ay8__1__1.A_1.B__1.D,no_symmetry_contacts
8aya__1__1.A_1.B__1.C,no_symmetry_contacts
8azd__1__1.A__1.C,no_symmetry_contacts
8azi__1__1.A__1.C,no_symmetry_contacts
8azl__1__1.A__1.C,no_symmetry_contacts
8azm__1__1.A__1.C,no_symmetry_contacts
8azo__1__1.A__1.C,no_symmetry_contacts
8azp__1__1.A__1.C,no_symmetry_contacts
8b08__1__1.B__1.E,no_symmetry_contacts
8b1n__1__1.A_1.B__1.C_1.Q,no_symmetry_contacts
8b1v__1__1.A_1.B__1.E,no_symmetry_contacts
8b25__1__1.A_1.B__1.J,no_symmetry_contacts
8b35__1__1.A_1.B__1.E,no_symmetry_contacts
8b5s__1__1.B__1.D,no_symmetry_contacts
8b62__1__1.A__1.C,no_symmetry_contacts
8b6m__1__1.A_1.B__1.E,no_symmetry_contacts
8b72__1__1.A_1.B__1.F_1.G,no_symmetry_contacts
8b75__1__1.A__1.B,no_symmetry_contacts
8b80__1__1.A__1.F_1.G,no_symmetry_contacts
8b8h__1__1.A_1.B__1.H_1.K,no_symmetry_contacts
8b8x__1__1.A_1.C__1.E,no_symmetry_contacts
8b8z__1__1.A__1.E,no_symmetry_contacts
8b91__1__1.A__1.E,no_symmetry_contacts
8b9h__1__1.A__1.B,no_symmetry_contacts
8b9u__1__1.A_1.B__1.C_1.H,no_symmetry_contacts
8bab__1__1.A__1.H_1.I,no_symmetry_contacts
8baj__1__1.A__1.B,no_symmetry_contacts
8bcy__1__1.A__1.C,no_symmetry_contacts
8bdm__1__1.C__1.M,no_symmetry_contacts
8bgc__1__1.A__1.F,no_symmetry_contacts
8bgz__1__1.A_1.B__1.F,no_symmetry_contacts
8bh0__1__1.A_1.D__1.J,no_symmetry_contacts
8bhg__1__1.B_1.C__1.K,no_symmetry_contacts
8bi6__1__1.A__1.D,no_symmetry_contacts
8bid__1__1.C_2.A__2.F_2.G,no_symmetry_contacts
8bih__1__1.A_1.L__1.N,no_symmetry_contacts
8biq__1__1.C__1.G,no_symmetry_contacts
8bir__1__1.A_1.B__1.D,no_symmetry_contacts
8bj3__1__1.A_1.B__1.C,no_symmetry_contacts
8bj8__1__1.A__1.C_1.D,no_symmetry_contacts
8bjd__1__1.A__1.B,no_symmetry_contacts
8bji__1__1.A_1.B__1.C_1.D,no_symmetry_contacts
8bjt__1__1.A__1.C,no_symmetry_contacts
8bju__1__1.A__1.B,no_symmetry_contacts
8bk0__1__1.A__1.H,no_symmetry_contacts
8bkn__1__1.A__1.B_1.E,no_symmetry_contacts
8blt__1__1.A_1.B__1.I,no_symmetry_contacts
8blz__1__1.A__1.B_1.D,no_symmetry_contacts
8bnx__1__1.A__1.C,no_symmetry_contacts
8bo4__1__1.A__1.C,no_symmetry_contacts
8boc__1__1.A__1.B,no_symmetry_contacts
8bok__1__1.A__1.B,no_symmetry_contacts
8bq4__1__1.B__1.D,no_symmetry_contacts
8br1__1__1.C__1.K_1.L_1.M,no_symmetry_contacts
8br5__1__1.A__1.E,no_symmetry_contacts
8br6__1__1.A__1.C,no_symmetry_contacts
8bsg__1__1.A__1.B,no_symmetry_contacts
8bsl__1__1.C_1.D__1.F,no_symmetry_contacts
8bst__1__1.A__1.R,no_symmetry_contacts
8bt0__1__1.A__1.M,no_symmetry_contacts
8bt2__1__1.A__1.M,no_symmetry_contacts
8bv3__1__1.B_1.C__1.I_1.L,no_symmetry_contacts
8bvx__1__1.A__1.D_1.F,no_symmetry_contacts
8bxx__1__1.A__1.E_1.F,no_symmetry_contacts
8bz6__1__1.A__1.G_1.I,no_symmetry_contacts
8bz7__1__1.D__1.U_1.V,no_symmetry_contacts
8bzx__1__1.A_1.B__1.E_1.F,no_symmetry_contacts
8c08__1__1.A__1.C_1.D,no_symmetry_contacts
8c0q__1__1.A__1.B_1.C,no_symmetry_contacts
8c0r__1__1.A__1.B_1.C,no_symmetry_contacts
8c3g__1__1.C__1.AA,no_symmetry_contacts
8c3i__1__1.B__1.D,"ValueError: /home/rquiroga/github/runs-n-poses/runs-n-poses-datasets/ground_truth/8c3i__1__1.B__1.D/system.cif:380:256(5709): unterminated ""string"""
8c3n__1__1.A__1.C_1.D,no_symmetry_contacts
8c3r__1__1.A__1.C,no_symmetry_contacts
8c3u__1__1.A__1.C,no_symmetry_contacts
8c47__1__1.B__1.E_1.F,no_symmetry_contacts
8c6f__1__1.A__1.B_1.C,no_symmetry_contacts
8c6l__1__1.A__1.C,no_symmetry_contacts
8c6n__1__1.A__1.B,no_symmetry_contacts
8c6o__1__1.A__1.C,no_symmetry_contacts
8c6p__1__1.A__1.B,no_symmetry_contacts
8c6q__1__1.A__1.C,no_symmetry_contacts
8c6s__1__1.A__1.C,no_symmetry_contacts
8c6z__1__1.A__1.C_1.E,no_symmetry_contacts
8c70__1__1.A__1.B,no_symmetry_contacts
8c71__1__1.A__1.C,no_symmetry_contacts
8c74__1__1.A__1.C,no_symmetry_contacts
8c9d__1__1.A__1.D,no_symmetry_contacts
8c9e__1__1.A__1.C,no_symmetry_contacts
8c9s__1__1.B__1.F_1.G,no_symmetry_contacts
8caa__1__1.B__1.F,no_symmetry_contacts
8cav__1__1.A__1.G_1.H,no_symmetry_contacts
8cbh__1__1.A__1.C,no_symmetry_contacts
8cbr__1__1.A_1.B_1.D__1.E,no_symmetry_contacts
8cbs__1__1.B_1.C_1.D__1.L,no_symmetry_contacts
8cbu__1__1.A_1.B_1.D__1.M,no_symmetry_contacts
8cdw__1__1.B__1.D,no_symmetry_contacts
8cdx__1__1.A__1.C_1.D,no_symmetry_contacts
8cdz__1__1.A__1.C_1.D_1.E,no_symmetry_contacts
8ce3__1__1.A_1.B__1.E,no_symmetry_contacts
8ceq__1__1.A__1.C,no_symmetry_contacts
8ces__1__1.A__1.C,no_symmetry_contacts
8cev__1__1.A__1.C,no_symmetry_contacts
8cex__1__1.A__1.D,no_symmetry_contacts
8cey__1__1.A__1.D,no_symmetry_contacts
8cfb__1__1.A__1.L,no_symmetry_contacts
8cfk__1__1.A_1.D__1.H_1.I,no_symmetry_contacts
8cg0__1__1.D__1.IA,no_symmetry_contacts
8ch9__1__1.G__1.BB,no_symmetry_contacts
8chc__1__1.A__1.B,no_symmetry_contacts
8chk__1__1.A__1.D,no_symmetry_contacts
8chl__1__1.A__1.C_1.E,no_symmetry_contacts
8ci0__1__1.A_1.B__1.D_1.E,no_symmetry_contacts
8cje__1__1.A__1.F,no_symmetry_contacts
8cjg__1__1.A__1.D,no_symmetry_contacts
8cjj__1__1.A__1.B_1.C,no_symmetry_contacts
8cjk__1__1.A__1.B_1.C,no_symmetry_contacts
8cjo__1__1.A__1.B_1.C,no_symmetry_contacts
8cju__1__1.A__1.B,no_symmetry_contacts
8ck5__1__1.A__1.D,no_symmetry_contacts
8ck9__1__1.A__1.B_1.C,no_symmetry_contacts
8ckc__1__2.A__2.D,no_symmetry_contacts
8ckh__1__1.A_1.B__1.D,no_symmetry_contacts
8ckn__1__1.A__1.B_1.C,no_symmetry_contacts
8clq__1__1.A__1.E,no_symmetry_contacts
8cnh__1__1.A__1.B_1.L,no_symmetry_contacts
8cnt__1__1.A__1.B_1.C,no_symmetry_contacts
8cou__1__1.A__1.V,no_symmetry_contacts
8cov__1__1.A__1.D,no_symmetry_contacts
8cp4__1__2.A__2.H_2.I,no_symmetry_contacts
8cp7__1__1.A__1.B,no_symmetry_contacts
8cpb__1__1.B__1.H,no_symmetry_contacts
8cqv__1__1.A_1.B__1.K_1.P,no_symmetry_contacts
8crj__1__1.A__1.B,no_symmetry_contacts
8crl__1__1.A__1.C,no_symmetry_contacts
8cta__1__1.A_1.B_1.D__1.Q,no_symmetry_contacts
8cu7__1__1.A__1.C,no_symmetry_contacts
8cvc__1__1.A__1.C_1.J_1.O_1.P,no_symmetry_contacts
8cvd__1__1.A__1.B_1.K_1.L,no_symmetry_contacts
8cvf__1__1.A__1.D_1.E_1.F_1.G,no_symmetry_contacts
8cyu__1__1.A_1.B__1.F,no_symmetry_contacts
8cyz__1__1.A_1.C__1.E,no_symmetry_contacts
8cz7__1__1.A_1.C__1.E,no_symmetry_contacts
8czl__1__1.A__1.C_1.D,no_symmetry_contacts
8d0e__1__1.B__1.D,no_symmetry_contacts
8d0f__1__1.A_1.B__1.D,no_symmetry_contacts
8d19__1__1.A__1.C_1.D,no_symmetry_contacts
8d5b__1__1.A__1.B_1.G_1.H,no_symmetry_contacts
8d6c__1__1.A__1.F,no_symmetry_contacts
8d6e__1__1.A__1.D,no_symmetry_contacts
8d6f__1__1.A__1.D,no_symmetry_contacts
8d6m__1__1.A__1.C,no_symmetry_contacts
8d6t__1__1.A__1.C,no_symmetry_contacts
8d8p__1__1.A__1.C_1.D,no_symmetry_contacts
8d9b__1__1.A__1.C_1.D,no_symmetry_contacts
8d9c__1__1.A__1.C_1.D,no_symmetry_contacts
8db0__1__1.A__1.E,no_symmetry_contacts
8dcd__1__1.A__1.E_1.Q_1.R,no_symmetry_contacts
8ddb__1__1.A__1.B_1.C_1.E,no_symmetry_contacts
8deg__1__1.A__1.B,no_symmetry_contacts
8dil__1__1.A_1.B__1.K_1.L_1.M,no_symmetry_contacts
8dj6__1__1.C__1.F_1.O,no_symmetry_contacts
8djv__1__1.A__1.B_1.C_1.D,no_symmetry_contacts
8dk4__1__1.A__1.C,no_symmetry_contacts
8dkt__1__1.A_1.B__1.D_1.E,no_symmetry_contacts
8dml__1__1.B__1.J,no_symmetry_contacts
8dmt__1__1.A__1.E,no_symmetry_contacts
8dmu__1__1.A__1.E_1.H,no_symmetry_contacts
8doc__1__2.A__2.B_2.D_2.E,no_symmetry_contacts
8dos__1__1.A_1.B__1.C_1.G,no_symmetry_contacts
8dpb__1__1.A_1.B__1.I_1.J,no_symmetry_contacts
8dqd__1__1.A__1.B,no_symmetry_contacts
8dqh__1__1.B__1.J_1.K_1.L,no_symmetry_contacts
8dqs__1__1.A__1.B_1.C_1.D,no_symmetry_contacts
8dsc__1__1.B__1.L,no_symmetry_contacts
8dsh__1__1.A_1.B__1.C,no_symmetry_contacts
8dsm__1__1.A_1.B__1.J,no_symmetry_contacts
8dsr__1__1.A__1.C,no_symmetry_contacts
8dt1__1__1.B__1.J_1.K,no_symmetry_contacts
8dt5__1__1.B__1.I_1.M_1.O,no_symmetry_contacts
8du3__1__1.A__1.B,no_symmetry_contacts
8du6__1__1.B__1.D,no_symmetry_contacts
8du8__1__1.A__1.C,no_symmetry_contacts
8du9__1__1.B__1.D,no_symmetry_contacts
8dub__1__1.A__1.C,no_symmetry_contacts
8duh__1__1.A__1.C,no_symmetry_contacts
8dui__1__1.A__1.C,no_symmetry_contacts
8duk__1__1.A__1.E,no_symmetry_contacts
8dv7__1__1.B__1.D,no_symmetry_contacts
8dv8__1__1.A__1.C,no_symmetry_contacts
8dvh__1__1.A__1.C_1.D,no_symmetry_contacts
8dvo__1__1.A__1.B_1.C_1.D,no_symmetry_contacts
8dxk__1__1.A_1.B__1.C,no_symmetry_contacts
8e0h__1__1.A__1.C,no_symmetry_contacts
8e0t__1__1.C__1.F,no_symmetry_contacts
8e1h__1__1.A__1.C_1.E_1.F,no_symmetry_contacts
8e1o__1__1.A__1.D,no_symmetry_contacts
8e1t__1__1.A__1.C_1.E,no_symmetry_contacts
8e1t__1__1.A__1.D,no_symmetry_contacts
8e1x__1__1.A__1.C,no_symmetry_contacts
8e4s__1__1.A__1.B_1.C_1.D,no_symmetry_contacts
8e5i__1__1.A__1.B_1.E,no_symmetry_contacts
8e5m__1__1.A_1.E__1.U,no_symmetry_contacts
8e80__1__1.A__1.B,no_symmetry_contacts
8e81__1__1.A__1.B,no_symmetry_contacts
8e9r__1__1.A_1.B__1.E_1.F,no_symmetry_contacts
8ea6__1__1.A_1.B__1.C,no_symmetry_contacts
8efj__1__1.A__1.D,no_symmetry_contacts
8egf__1__1.A__1.B_1.C,no_symmetry_contacts
8egz__1__1.B__1.I,no_symmetry_contacts
8eip__1__1.C__1.K_1.L,no_symmetry_contacts
8emu__1__1.A__1.E,no_symmetry_contacts
8eni__1__2.A__2.B,no_symmetry_contacts
8eq9__1__1.A__1.B,no_symmetry_contacts
8eqz__1__1.A__1.C,no_symmetry_contacts
8erb__1__1.A_1.C__1.Q,no_symmetry_contacts
8erd__1__1.A__1.B,no_symmetry_contacts
8erj__1__1.A_2.C__1.I,no_symmetry_contacts
8et0__1__1.B__1.L,no_symmetry_contacts
8etd__1__1.B__1.E_1.F,no_symmetry_contacts
8etl__1__1.A__1.C,no_symmetry_contacts
8euk__1__1.A__1.B_1.M,no_symmetry_contacts
8ewz__1__1.A__1.B_1.C_1.H,no_symmetry_contacts
8ex1__1__1.A__1.B,no_symmetry_contacts
8ex2__1__1.A__1.B,no_symmetry_contacts
8ex3__1__1.A__1.B_1.C,no_symmetry_contacts
8exl__1__1.A__1.B,no_symmetry_contacts
8exu__1__1.A__1.B,no_symmetry_contacts
8ez1__1__1.A_1.B__1.D,no_symmetry_contacts
8f1g__1__1.A__1.C,no_symmetry_contacts
8f1z__1__1.A__1.B,no_symmetry_contacts
8f4q__1__1.A__1.F,no_symmetry_contacts
8f4s__1__1.A__1.D_1.E,no_symmetry_contacts
8f5v__1__1.A_1.B__1.C_1.D,no_symmetry_contacts
8f71__1__1.B__1.E_1.F,no_symmetry_contacts
8f73__1__1.A__1.I_1.K,no_symmetry_contacts
8f8e__1__1.A__1.C,no_symmetry_contacts
8f8k__1__1.A__1.F_1.G_1.I_1.J_1.K,no_symmetry_contacts
8f8l__1__1.A__1.B_1.D_1.E,no_symmetry_contacts
8fb1__1__1.A__1.C,no_symmetry_contacts
8fb1__1__1.A__1.D,no_symmetry_contacts
8fcd__1__1.A_1.B__1.C,no_symmetry_contacts
8fe6__1__1.A__1.I,no_symmetry_contacts
8fe8__1__1.A_1.B__1.C,no_symmetry_contacts
8fe9__1__1.A__1.B,no_symmetry_contacts
8fgz__1__1.A__1.B,no_symmetry_contacts
8fh4__1__1.A__1.E,no_symmetry_contacts
8fjz__1__1.C__1.I,no_symmetry_contacts
8fko__1__1.C__1.I,no_symmetry_contacts
8fly__1__1.A__1.K,no_symmetry_contacts
8flz__1__1.A__1.K,no_symmetry_contacts
8fm0__1__1.A__1.K,no_symmetry_contacts
8fm2__1__1.A__1.K,no_symmetry_contacts
8fm3__1__1.A__1.K,no_symmetry_contacts
8fm4__1__1.A__1.K,no_symmetry_contacts
8fm5__1__1.A__1.K,no_symmetry_contacts
8fm7__1__1.A__1.K,no_symmetry_contacts
8fm8__1__1.A__1.K,no_symmetry_contacts
8fmf__1__1.C_1.D__1.R_1.X,no_symmetry_contacts
8fo5__1__1.A_1.B__1.E,no_symmetry_contacts
8fp1__1__1.A__1.B,no_symmetry_contacts
8fp5__1__1.A__1.C_1.D,no_symmetry_contacts
8fsi__1__1.A__1.B_1.C_1.D_1.F,no_symmetry_contacts
8ftr__1__2.A__2.B,no_symmetry_contacts
8fv7__1__2.A_2.B__2.C_2.D,no_symmetry_contacts
8fwp__1__1.A_1.B__1.D_1.E,no_symmetry_contacts
8fwz__1__1.B__1.E,no_symmetry_contacts
8fx1__1__1.A__1.C,no_symmetry_contacts
8fx2__1__1.B__1.D,no_symmetry_contacts
8fx3__1__1.B__1.D,no_symmetry_contacts
8fxn__1__1.A__1.B,no_symmetry_contacts
8fy7__1__1.A_1.B__1.C,no_symmetry_contacts
8fz1__1__1.A__1.G_1.I_1.K,no_symmetry_contacts
8g20__1__1.A__1.C_1.D_1.G,no_symmetry_contacts
8g3e__1__1.A__1.C,no_symmetry_contacts
8g4a__1__1.A_1.B__1.C,no_symmetry_contacts
8g62__1__1.A__1.F_1.J_1.L,no_symmetry_contacts
8g63__1__1.A__1.B,no_symmetry_contacts
8g68__1__1.A__1.C,no_symmetry_contacts
8g69__1__1.A__1.C,no_symmetry_contacts
8g8o__1__1.B__1.E,no_symmetry_contacts
8g8x__1__1.A__1.C,no_symmetry_contacts
8g9d__1__1.A__1.B,no_symmetry_contacts
8gds__1__1.A__1.E,no_symmetry_contacts
8gem__1__1.A__1.B,no_symmetry_contacts
8get__1__1.C__1.M,no_symmetry_contacts
8geu__1__1.A__1.B,no_symmetry_contacts
8gev__1__1.A__1.B,no_symmetry_contacts
8gez__1__1.A__1.B,no_symmetry_contacts
8gf0__1__1.A__1.B,no_symmetry_contacts
8gfd__1__1.A__1.B,no_symmetry_contacts
8gff__1__1.A__1.B,no_symmetry_contacts
8gfg__1__1.A__1.B,no_symmetry_contacts
8gfq__1__1.A__1.B,no_symmetry_contacts
8gfs__1__1.A__1.B,no_symmetry_contacts
8gja__1__1.A_1.B__1.G_1.H,no_symmetry_contacts
8gjb__1__1.B__1.G_1.H,no_symmetry_contacts
8gju__1__1.A_1.B_1.C__1.K_1.L,no_symmetry_contacts
8gkf__1__1.A__1.J,no_symmetry_contacts
8gkt__1__1.A_1.B__1.E,no_symmetry_contacts
8gm5__1__1.A__1.D,no_symmetry_contacts
8gne__1__1.A__1.B,no_symmetry_contacts
8gne__1__1.A__1.E,no_symmetry_contacts
8goy__1__1.A_1.B__1.E,no_symmetry_contacts
8gpc__1__1.A__1.C_1.D_1.E,no_symmetry_contacts
8gpd__1__1.A__1.C_1.D_1.E,no_symmetry_contacts
8gpe__1__1.A__1.C_1.D_1.E,no_symmetry_contacts
8grw__1__1.A_1.B__1.C_1.D,no_symmetry_contacts
8gtg__1__1.A__1.C,no_symmetry_contacts
8gti__1__1.A__1.H,no_symmetry_contacts
8gtm__1__1.A__1.C,no_symmetry_contacts
8gtv__1__1.A_2.B__2.D,no_symmetry_contacts
8gu1__1__1.A_1.B__1.D,no_symmetry_contacts
8gvj__1__1.A__1.B,no_symmetry_contacts
8gwd__1__2.A__2.B_2.C,no_symmetry_contacts
8gww__1__1.A__1.C,no_symmetry_contacts
8gyd__1__1.A_1.B__1.K,no_symmetry_contacts
8gyj__1__1.A_1.B__1.D_1.I,no_symmetry_contacts
8gzc__1__1.A__1.F,no_symmetry_contacts
8h17__1__1.A__1.B_1.C,no_symmetry_contacts
8h2b__1__1.C_1.D__1.M_1.N,no_symmetry_contacts
8h4q__1__1.A__1.C,no_symmetry_contacts
8h53__1__1.A__1.E_1.F_1.P_1.Q,no_symmetry_contacts
8h59__1__1.A__1.B,no_symmetry_contacts
8h5y__1__1.A__1.D_1.E,no_symmetry_contacts
8h7r__1__1.A__1.B,no_symmetry_contacts
8h99__1__1.B__1.H_1.J_1.K,no_symmetry_contacts
8haq__1__1.A__1.C,no_symmetry_contacts
8hcc__1__1.B__1.I_1.J_1.K,no_symmetry_contacts
8hcd__1__1.A__1.E_1.F_1.G,no_symmetry_contacts
8hch__1__1.C__1.J,no_symmetry_contacts
8hd3__1__1.A__1.C,no_symmetry_contacts
8he2__1__1.A__1.B_1.C,no_symmetry_contacts
8he8__1__1.A__1.D_1.E,no_symmetry_contacts
8hf8__1__1.A__1.C,no_symmetry_contacts
8hfh__1__1.A__1.B_1.C,no_symmetry_contacts
8hfn__1__1.A__1.C_1.D,no_symmetry_contacts
8hgd__1__1.A__1.B_1.C,no_symmetry_contacts
8hjg__1__1.A__1.E_1.F,no_symmetry_contacts
8hkd__1__1.A__1.C_1.D_1.E,no_symmetry_contacts
8hko__1__1.A__1.D_1.E_1.G_1.H,no_symmetry_contacts
8hlj__1__1.A__1.C,no_symmetry_contacts
8hmn__1__1.A_1.D__1.O_1.P,no_symmetry_contacts
8hms__1__1.A__1.E,no_symmetry_contacts
8ho5__1__1.A__1.B,no_symmetry_contacts
8ho6__1__1.A__1.B_1.C,no_symmetry_contacts
8hp4__1__1.A_1.B__1.C_1.D,no_symmetry_contacts
8hpc__1__1.A_1.H__1.P,no_symmetry_contacts
8hrv__1__1.A_1.B_1.C__1.E_1.H,no_symmetry_contacts
8htg__1__1.A__1.F_1.G,no_symmetry_contacts
8hu6__1__1.D__1.K_1.L,no_symmetry_contacts
8hul__1__1.A__1.C,no_symmetry_contacts
8hum__1__1.A__1.C,no_symmetry_contacts
8huu__1__1.A__1.C,no_symmetry_contacts
8hx2__1__1.A__1.B_1.C,no_symmetry_contacts
8hx4__1__2.A__2.B_2.C_2.D,no_symmetry_contacts
8hx6__1__1.B__1.F,no_symmetry_contacts
8hxh__1__1.A__1.B_1.C,no_symmetry_contacts
8hxu__1__1.A__1.C_1.D_1.E,no_symmetry_contacts
8hy6__1__1.A__1.C_1.D_1.E,no_symmetry_contacts
8hyk__1__1.A__1.B_1.C,no_symmetry_contacts
8hym__1__2.A__2.B_2.C,no_symmetry_contacts
8hyp__1__2.A__2.B_2.C,no_symmetry_contacts
8hz7__1__1.A__1.B_1.C,no_symmetry_contacts
8i0d__1__1.A__1.B,no_symmetry_contacts
8i19__1__1.A__1.C_1.D_1.E,no_symmetry_contacts
8i1o__1__1.A__1.F,no_symmetry_contacts
8i2n__1__1.A__1.C,no_symmetry_contacts
8i2u__1__1.A__1.B_1.C,no_symmetry_contacts
8i4i__1__1.A__1.C,no_symmetry_contacts
8iag__1__3.A__3.C_3.D_3.E_3.G,no_symmetry_contacts
8ie5__1__1.A__1.B,no_symmetry_contacts
8ifx__1__1.A__1.C_1.D,no_symmetry_contacts
8im2__1__1.E__1.S_1.T_1.U,no_symmetry_contacts
8im3__1__2.C__2.K_2.L,no_symmetry_contacts
8in7__1__1.A__1.B,no_symmetry_contacts
8ina__1__1.A__1.B_1.C,no_symmetry_contacts
8iqd__1__1.A__1.E_1.G_1.H,no_symmetry_contacts
8iqn__1__1.A__1.B,no_symmetry_contacts
8iqt__1__1.A__1.B,no_symmetry_contacts
8iqu__1__1.A__1.B,no_symmetry_contacts
8ivg__1__1.A__1.B_1.C,no_symmetry_contacts
8ivn__1__1.A_1.B__1.C,no_symmetry_contacts
8ivr__1__1.A__1.B,no_symmetry_contacts
8ivs__1__1.A_1.B__1.C,no_symmetry_contacts
8ivt__1__1.A_1.B__1.F,no_symmetry_contacts
8ivu__1__1.A_1.B__1.I,no_symmetry_contacts
8iw3__1__1.A_1.B__1.C,no_symmetry_contacts
8iw6__1__1.A_1.B__1.F,no_symmetry_contacts
8ix9__1__2.A__2.D_2.E_2.F,no_symmetry_contacts
8ixq__1__1.B__1.E,no_symmetry_contacts
8izc__1__1.A_1.B__1.I,no_symmetry_contacts
8j30__1__1.A__1.C,no_symmetry_contacts
8j3c__1__1.A__1.B_1.C,no_symmetry_contacts
8j5e__1__1.A__1.B,no_symmetry_contacts
8j5f__1__2.A__2.B,no_symmetry_contacts
8j5x__1__1.A__1.B,no_symmetry_contacts
8j6n__1__1.A_1.D__1.M,no_symmetry_contacts
8j79__1__1.B__1.R_1.W_1.X,no_symmetry_contacts
8j7j__1__1.A_1.B__1.C,no_symmetry_contacts
8j83__1__1.B__1.N_1.Q,no_symmetry_contacts
8j8x__1__1.A__1.B_1.C,no_symmetry_contacts
8j9d__1__1.D__1.M_1.N,no_symmetry_contacts
8jb3__1__1.A__1.B,no_symmetry_contacts
8jb3__1__1.A__1.C_1.D_1.E_1.F,no_symmetry_contacts
8jbi__1__2.C_2.D__2.I_2.M,no_symmetry_contacts
8jby__1__1.A__1.C,no_symmetry_contacts
8jc5__1__1.A__1.E_1.F,no_symmetry_contacts
8jdv__1__1.A__1.B_1.C_1.D,no_symmetry_contacts
8jg8__1__1.A__1.B,no_symmetry_contacts
8ji2__1__1.B__1.J_1.K,no_symmetry_contacts
8ji4__1__1.B__1.J_1.K,no_symmetry_contacts
8jjk__1__1.A__1.B_1.F_1.G_1.H,no_symmetry_contacts
8jjn__1__1.A__1.D_1.E,no_symmetry_contacts
8jjq__1__1.A__1.D,no_symmetry_contacts
8jjt__1__1.A__1.D,no_symmetry_contacts
8jk8__1__1.A__1.B_1.C_1.D,no_symmetry_contacts
8jk9__1__1.A__1.C_1.D_1.E_1.F,no_symmetry_contacts
8jkp__1__2.A__2.B_2.C_2.D_2.E,no_symmetry_contacts
8jkr__1__1.A__1.B_1.G_1.H_1.I,no_symmetry_contacts
8jmo__1__1.A__1.D,no_symmetry_contacts
8jmp__1__1.A__1.D,no_symmetry_contacts
8jmr__1__1.A_1.B__1.C_1.D,no_symmetry_contacts
8jmz__1__1.A__1.C_1.E_1.J,no_symmetry_contacts
8jot__1__1.A__1.B,no_symmetry_contacts
8jpz__1__1.B__1.N_1.P,no_symmetry_contacts
8jqp__1__2.A__2.C_2.D_2.E,no_symmetry_contacts
8jqz__1__1.A_2.B__1.C,no_symmetry_contacts
8jt3__1__1.A_1.C__1.E,no_symmetry_contacts
8jub__1__1.A_1.B_1.D__1.E,no_symmetry_contacts
8juv__1__1.A__1.B_1.C,no_symmetry_contacts
8jwy__1__1.A__1.B,no_symmetry_contacts
8jya__1__1.B__1.G,no_symmetry_contacts
8jyc__1__1.A_1.B_1.C__1.T,no_symmetry_contacts
8jye__1__1.A_1.B_1.D__1.P,no_symmetry_contacts
8jyf__1__1.B__1.F,no_symmetry_contacts
8jyg__1__1.A_1.B__1.C_1.Y,no_symmetry_contacts
8k2k__1__1.A__1.B,no_symmetry_contacts
8k2m__1__1.A__1.B,no_symmetry_contacts
8k4c__1__1.B__1.G,no_symmetry_contacts
8k5y__1__1.A__1.H,no_symmetry_contacts
8k9y__1__1.A__1.C_1.E,no_symmetry_contacts
8ki0__1__1.A__1.C_1.D,no_symmetry_contacts
8ki5__1__1.A__1.B,no_symmetry_contacts
8odp__1__1.A_1.B__1.I_1.J_1.K_1.L,no_symmetry_contacts
8ofm__1__1.B__1.HA_1.V,no_symmetry_contacts
8og4__1__1.A__1.G_1.H,no_symmetry_contacts
8og5__1__1.A__1.D,no_symmetry_contacts
8og8__1__1.A__1.B,no_symmetry_contacts
8og9__1__1.A__1.B,no_symmetry_contacts
8ogh__1__1.A_1.B__1.M_1.R,no_symmetry_contacts
8oha__1__1.B_1.C__1.EA_1.GA,no_symmetry_contacts
8oiz__1__1.B__1.J,no_symmetry_contacts
8oku__1__1.A_1.B__1.C,no_symmetry_contacts
8ol4__1__1.B_1.C__1.P,no_symmetry_contacts
8ome__1__1.A_1.D__1.E,no_symmetry_contacts
8omp__1__1.A__1.B_1.C,no_symmetry_contacts
8one__1__2.A__2.F_2.K,no_symmetry_contacts
8onn__1__1.A__1.F,no_symmetry_contacts
8oo2__1__1.A_1.B__1.C_1.D,no_symmetry_contacts
8oo5__1__1.A__1.B_1.D_1.E,no_symmetry_contacts
8ooj__1__1.B__1.H,no_symmetry_contacts
8oov__1__1.A_1.B__1.D,no_symmetry_contacts
8opu__1__1.A_1.C_1.D__1.IA,no_symmetry_contacts
8opv__1__1.B__1.Q,no_symmetry_contacts
8oq2__1__1.B__1.H_1.I,no_symmetry_contacts
8oqm__1__1.B__1.N,no_symmetry_contacts
8oqn__1__1.A_1.D__1.I,no_symmetry_contacts
8oqp__1__1.D__1.PA,no_symmetry_contacts
8oqq__1__1.A__1.I,no_symmetry_contacts
8oqs__1__1.C_1.D__1.OA,no_symmetry_contacts
8oqv__1__1.B__1.Q,no_symmetry_contacts
8oqx__1__1.A__1.C_1.D_1.G,no_symmetry_contacts
8orc__1__1.B__1.J,no_symmetry_contacts
8oru__1__1.A_1.B__1.M,no_symmetry_contacts
8otv__1__1.A_1.B__1.F,no_symmetry_contacts
8ou2__1__1.A__1.C,no_symmetry_contacts
8ou3__1__1.A_1.C__1.E,no_symmetry_contacts
8ou5__1__1.A_1.C__1.E,no_symmetry_contacts
8ouk__1__1.A__1.B_1.C,no_symmetry_contacts
8oum__1__1.A__1.F_1.G,no_symmetry_contacts
8oun__1__1.A__1.C_1.D,no_symmetry_contacts
8ouu__1__1.A__1.F,no_symmetry_contacts
8ov7__1__1.A__1.B,no_symmetry_contacts
8ovr__1__1.A__1.B,no_symmetry_contacts
8ovs__1__1.A__1.C_1.F_1.I_1.Q_1.T,no_symmetry_contacts
8ow7__1__1.A_1.C__1.G,no_symmetry_contacts
8ow9__1__1.A_1.B__1.G,no_symmetry_contacts
8p0m__1__1.C__1.L,no_symmetry_contacts
8p0o__1__1.A__1.H_1.P,no_symmetry_contacts
8p0p__1__1.A__1.C,no_symmetry_contacts
8p1e__1__1.D_1.E__1.P,no_symmetry_contacts
8p1p__1__1.A__1.E,no_symmetry_contacts
8p44__1__1.A_1.B__1.E,no_symmetry_contacts
8p4z__1__1.A__1.C,no_symmetry_contacts
8p5c__1__1.A_1.B__1.C,no_symmetry_contacts
8paf__1__1.A_1.B__1.C,no_symmetry_contacts
8pbo__1__1.A__1.C,no_symmetry_contacts
8pfl__1__1.A__1.C,no_symmetry_contacts
8ph4__1__1.A_1.B__1.D_1.F,no_symmetry_contacts
8pj0__1__1.A_1.B__1.V,no_symmetry_contacts
8pj7__1__1.A__1.B,no_symmetry_contacts
8pji__1__1.A__1.E,no_symmetry_contacts
8pl6__1__1.A__1.C,no_symmetry_contacts
8plb__1__1.A__1.D,no_symmetry_contacts
8ple__1__1.A__1.F,no_symmetry_contacts
8plp__1__2.B__2.F,no_symmetry_contacts
8plu__1__1.A__1.D,no_symmetry_contacts
8plw__1__2.B__2.G,no_symmetry_contacts
8plx__1__2.B__2.F,no_symmetry_contacts
8pom__1__1.A__1.C,no_symmetry_contacts
8pp0__1__1.A__1.C,no_symmetry_contacts
8pp8__1__1.A__1.D,no_symmetry_contacts
8ppf__1__1.A__1.D,no_symmetry_contacts
8pq9__1__1.A__1.C,no_symmetry_contacts
8pqa__1__1.A__1.C,no_symmetry_contacts
8pqf__1__1.A__1.C,no_symmetry_contacts
8pqq__1__1.B_1.D__1.J,no_symmetry_contacts
8pqr__1__1.A_1.B_1.C__1.E,no_symmetry_contacts
8prx__1__1.D__1.IA_1.JA_1.KA,no_symmetry_contacts
8px2__1__1.A__1.B,no_symmetry_contacts
8px9__1__1.A_1.B__1.C_1.D,no_symmetry_contacts
8pxt__1__1.C__1.L,no_symmetry_contacts
8pyi__1__1.A__1.I,no_symmetry_contacts
8pyn__1__1.A__1.B,no_symmetry_contacts
8q0t__1__1.A__1.C,no_symmetry_contacts
8q0u__1__1.A__1.D,no_symmetry_contacts
8q17__1__1.A__1.F,no_symmetry_contacts
8q18__1__1.A__1.E_1.F_1.G,no_symmetry_contacts
8q1m__1__1.A_1.B__1.G,no_symmetry_contacts
8q2u__1__1.A__1.C,no_symmetry_contacts
8q2w__1__1.A__1.C,no_symmetry_contacts
8q2y__1__1.A__1.C,no_symmetry_contacts
8q31__1__1.A__1.C,no_symmetry_contacts
8q34__1__1.A__1.F,no_symmetry_contacts
8q59__1__1.A__1.C_1.D_1.E,no_symmetry_contacts
8q5v__1__1.A_1.B__1.P_1.Q,no_symmetry_contacts
8q5x__1__1.A_1.C__1.E_1.F,no_symmetry_contacts
8qc4__1__1.A__1.C,no_symmetry_contacts
8qc5__1__1.B__1.E_1.F,no_symmetry_contacts
8qel__1__1.B__1.C,no_symmetry_contacts
8qhq__1__1.A_1.B__1.G,no_symmetry_contacts
8qic__1__1.B__1.F_1.J,no_symmetry_contacts
8qk2__1__1.A__1.D,no_symmetry_contacts
8qk5__1__1.A__1.D,no_symmetry_contacts
8qk9__1__1.A__1.D,no_symmetry_contacts
8qka__1__1.A__1.D,no_symmetry_contacts
8qkb__1__1.D__1.CA_1.HA,no_symmetry_contacts
8qlr__1__1.B__1.F,no_symmetry_contacts
8qmf__1__1.A_1.B__1.M_1.R_1.S,no_symmetry_contacts
8qmy__1__1.A__1.D_1.E,no_symmetry_contacts
8qnh__1__1.A__1.B,no_symmetry_contacts
8qpn__1__1.A__1.B_1.I,no_symmetry_contacts
8qq4__1__1.A__1.B_1.I,no_symmetry_contacts
8qqg__1__1.A__1.D,no_symmetry_contacts
8qqy__1__1.A__1.B,no_symmetry_contacts
8qrt__1__1.B__1.F,no_symmetry_contacts
8qtg__1__1.A__1.B,no_symmetry_contacts
8qth__1__1.A__1.B,no_symmetry_contacts
8qtj__1__1.A__1.E,no_symmetry_contacts
8qtl__1__1.A_1.B__1.G,no_symmetry_contacts
8qtt__1__1.C__1.D_1.V,no_symmetry_contacts
8qve__1__1.A__1.B_1.D,no_symmetry_contacts
8qyg__1__1.A_1.B__1.C_1.L,no_symmetry_contacts
8qyq__1__1.A__1.H,no_symmetry_contacts
8qyr__1__1.A__1.G_1.H_1.I,no_symmetry_contacts
8qyu__1__1.A__1.K_1.L,no_symmetry_contacts
8r11__1__1.A_1.B__1.C,no_symmetry_contacts
8r12__1__1.A_1.B__1.C,no_symmetry_contacts
8r1n__1__1.A__1.C,no_symmetry_contacts
8r1p__1__1.A_1.B__1.C,no_symmetry_contacts
8r3d__1__1.B_1.E__1.J,no_symmetry_contacts
8r3o__1__1.A_1.B__1.E_1.F_1.G,no_symmetry_contacts
8r3p__1__1.A_1.B__1.E_1.F,no_symmetry_contacts
8r3q__1__1.A_1.B__1.J_1.M,no_symmetry_contacts
8r3s__1__1.A_1.B__1.K_1.L,no_symmetry_contacts
8r41__1__1.A__1.E_1.F_1.G,no_symmetry_contacts
8r42__1__1.B__1.Q,no_symmetry_contacts
8r4o__1__1.A__1.M,no_symmetry_contacts
8r4q__1__1.A__1.M_1.N,no_symmetry_contacts
8r4u__1__1.A__1.I,no_symmetry_contacts
8r4x__1__1.A__1.J_1.K_1.L_1.P,no_symmetry_contacts
8r99__1__1.A__1.B_1.C,no_symmetry_contacts
8rcw__1__1.A__1.C,no_symmetry_contacts
8rdk__1__1.A__1.D,no_symmetry_contacts
8re3__1__1.A__1.C_1.D_1.E,no_symmetry_contacts
8rkq__1__1.A__1.E,no_symmetry_contacts
8s98__1__1.A__1.D,no_symmetry_contacts
8sam__1__1.A__1.C_1.D,no_symmetry_contacts
8se6__1__1.A_1.B__1.F,no_symmetry_contacts
8sf3__1__1.A__1.B_1.C,no_symmetry_contacts
8sge__1__1.A__1.H,no_symmetry_contacts
8sip__1__1.A_1.B__1.C,no_symmetry_contacts
8six__1__1.A__1.B,no_symmetry_contacts
8sk0__1__1.B__1.G_1.H,no_symmetry_contacts
8skn__1__1.A__1.C,no_symmetry_contacts
8slg__1__1.A__1.C,no_symmetry_contacts
8smf__1__1.B_1.E__1.I,no_symmetry_contacts
8smg__1__1.B_2.A__1.C,no_symmetry_contacts
8sqg__1__1.A__1.C_1.D,no_symmetry_contacts
8su1__1__1.A__1.C_1.D_1.E_1.F,no_symmetry_contacts
8sua__1__1.A__1.B,no_symmetry_contacts
8sv9__1__1.A__1.C,no_symmetry_contacts
8svl__1__1.A__1.B_1.C_1.G,no_symmetry_contacts
8swe__1__1.A__1.E,no_symmetry_contacts
8swq__1__1.A_1.C__1.G_1.H,no_symmetry_contacts
8swr__1__1.A_1.B__1.I,no_symmetry_contacts
8swu__1__1.A_1.B__1.D_1.E,no_symmetry_contacts
8sx2__1__1.A__1.C,no_symmetry_contacts
8sx4__1__1.A__1.C,no_symmetry_contacts
8sxy__1__1.A__1.C,no_symmetry_contacts
8sye__1__1.A__1.C,no_symmetry_contacts
8sz3__1__1.A_2.B__1.G,no_symmetry_contacts
8sze__1__1.A__1.C,no_symmetry_contacts
8szq__1__1.A__1.B_1.C,no_symmetry_contacts
8szs__1__1.A__1.B_1.C,no_symmetry_contacts
8t1q__1__1.A__1.B_1.F_1.G,no_symmetry_contacts
8t1y__1__1.A__1.B,no_symmetry_contacts
8t27__1__1.A__1.B,no_symmetry_contacts
8t2h__1__1.A__1.C_1.D_1.E,no_symmetry_contacts
8t5n__1__1.A__1.B_1.M,no_symmetry_contacts
8t8v__1__1.A__1.B_1.C_1.E_1.F,no_symmetry_contacts
8tbs__1__1.A_1.B__1.M,no_symmetry_contacts
8tbu__1__1.A_1.B__1.I,no_symmetry_contacts
8tc8__1__1.A__1.E_1.H_1.L,no_symmetry_contacts
8tc9__1__1.A__1.E_1.M,no_symmetry_contacts
8tce__1__1.A__1.C,no_symmetry_contacts
8tjc__1__1.A__1.K,no_symmetry_contacts
8tl8__1__1.A__1.C,no_symmetry_contacts
8tnb__1__1.A_1.C__1.F,no_symmetry_contacts
8tnc__1__1.B__1.E,no_symmetry_contacts
8tnd__1__1.B__1.F,no_symmetry_contacts
8tqv__1__1.A__1.C,no_symmetry_contacts
8ts9__1__1.A__1.C,no_symmetry_contacts
8tsa__1__1.A__1.C,no_symmetry_contacts
8tsd__1__1.A__1.C,no_symmetry_contacts
8tti__1__1.A__1.E,no_symmetry_contacts
8ttz__1__2.B__2.GA,no_symmetry_contacts
8twj__1__1.A__1.B_1.C_1.D_1.E,no_symmetry_contacts
8typ__1__1.A__1.C,no_symmetry_contacts
8u2e__1__1.A__1.B,no_symmetry_contacts
8u2r__1__1.A__1.C,no_symmetry_contacts
8u4w__1__1.A__1.E,no_symmetry_contacts
8u7w__1__1.A__1.C,no_symmetry_contacts
8u7x__1__1.A__1.C,no_symmetry_contacts
8u8j__1__1.A__1.B,no_symmetry_contacts
8u8k__1__1.A__1.B,no_symmetry_contacts
8uak__1__1.A__1.B,no_symmetry_contacts
8ufp__1__1.A_1.B__1.K,no_symmetry_contacts
8ug1__1__1.B__1.H,no_symmetry_contacts
8ug3__1__1.A_1.B__1.C,no_symmetry_contacts
8ui1__1__1.A__1.B_1.C,no_symmetry_contacts
8ujy__1__1.B__1.D,no_symmetry_contacts
8uob__1__1.A__1.B,no_symmetry_contacts
8ur9__1__1.A_1.B__1.C,no_symmetry_contacts
8usm__1__1.A__1.C,no_symmetry_contacts
8uuf__1__1.A__1.B,no_symmetry_contacts
8uuu__1__1.A__1.B,no_symmetry_contacts
8uuv__1__1.A__1.B,no_symmetry_contacts
8v2k__1__1.C_1.D__1.N,no_symmetry_contacts
8v4a__1__1.C_1.D__1.M,no_symmetry_contacts
8v4p__1__1.A__1.L,no_symmetry_contacts
8v5g__1__1.A__1.D,no_symmetry_contacts
8v8e__1__1.A__1.D,no_symmetry_contacts
8v8j__1__1.A__1.F,no_symmetry_contacts
8v9p__1__1.C_1.D__1.M,no_symmetry_contacts
8vh9__1__1.A_1.B__1.C_1.F,no_symmetry_contacts
8vw1__1__1.A__1.B_1.C,no_symmetry_contacts
8w0b__1__1.A__1.D,no_symmetry_contacts
8w0d__1__1.A__1.E,no_symmetry_contacts
8w0j__1__1.A__1.D,no_symmetry_contacts
8w0m__1__1.C__1.F,no_symmetry_contacts
8w4s__1__1.A__1.D,no_symmetry_contacts
8w7f__1__1.A__1.E_1.F,no_symmetry_contacts
8wa7__1__1.A_1.B__1.CA_1.DA_1.N_1.X,no_symmetry_contacts
8wd4__1__1.A__1.B,no_symmetry_contacts
8wdx__1__1.A__1.B,no_symmetry_contacts
8wg1__1__1.A__1.E_1.I_1.K,no_symmetry_contacts
8wjy__1__1.A__1.B,no_symmetry_contacts
8wmy__1__1.A__1.C_1.D_1.E,no_symmetry_contacts
8wnj__1__1.A__1.F,no_symmetry_contacts
8wo2__1__1.A__1.D,no_symmetry_contacts
8wr2__1__1.A__1.E_1.F,no_symmetry_contacts
8wrj__1__1.A__1.B,no_symmetry_contacts
8wsm__1__1.A__1.B_1.C,no_symmetry_contacts
8wsm__1__1.A__1.D,no_symmetry_contacts
8wsw__1__1.A__1.E,no_symmetry_contacts
8wwo__1__1.A_2.D__2.K_2.L,no_symmetry_contacts
8wzq__1__1.A__1.C,no_symmetry_contacts
8x1a__1__1.A__1.B,no_symmetry_contacts
8xfd__1__1.C_1.D__1.N,no_symmetry_contacts
8xhd__1__1.A_1.B__1.C,no_symmetry_contacts
8xkf__1__1.A_1.C__1.M_1.S,no_symmetry_contacts
8y33__1__1.A__1.B,no_symmetry_contacts
8yhw__1__1.A__1.E_1.F,no_symmetry_contacts
9eun__1__1.A__1.E,no_symmetry_contacts
9f40__1__1.A__1.Q,no_symmetry_contacts
9f41__1__1.A__1.Q,no_symmetry_contacts
