system_id,proper_ligand_chain
5s9l__1__1.A__1.H_1.I,1.H
5s9m__1__1.A__1.C_1.I,1.C
5s9y__1__1.A__1.K,1.K
5s9z__1__1.A_1.B__1.R,1.R
5sau__1__1.A__1.B,1.B
5sav__1__1.A__1.B,1.B
5saw__1__1.A__1.B,1.B
5sb2__1__1.A__1.G,1.G
5sdh__1__1.A_1.B__1.F,1.F
5sdu__1__1.A__1.G,1.G
5sdy__1__1.A__1.D,1.D
5se0__1__1.A__1.G,1.G
5se2__1__1.A__1.G,1.G
5se3__1__1.A__1.G,1.G
5se5__1__1.A__1.G,1.G
5se6__1__1.A__1.G,1.G
5se8__1__1.A__1.G,1.G
5se9__1__1.A__1.G,1.G
5sea__1__1.A__1.G,1.G
5seb__1__1.A__1.G,1.G
5sec__1__1.A__1.G,1.G
5see__1__1.A__1.E,1.E
5seh__1__1.A__1.G,1.G
5sek__1__1.A__1.G,1.G
5sel__1__1.A__1.G,1.G
5sem__1__1.A__1.G,1.G
5sen__1__1.A__1.G,1.G
5seo__1__1.A__1.G,1.G
5sex__1__1.A__1.G,1.G
5sez__1__1.A__1.G,1.G
5sf0__1__1.A__1.G,1.G
5sf1__1__1.A__1.E,1.E
5sf4__1__1.A__1.G,1.G
5sf7__1__1.A__1.G,1.G
5sfc__1__1.A__1.G,1.G
5sfd__1__1.A__1.G,1.G
5sfg__1__1.A__1.G,1.G
5sfh__1__1.A__1.G,1.G
5sfl__1__1.A__1.G,1.G
5sfn__1__1.A__1.G,1.G
5sfo__1__1.A__1.G,1.G
5sfp__1__1.A__1.G,1.G
5sfr__1__1.A__1.G,1.G
5sfx__1__1.A__1.G,1.G
5sfy__1__1.A__1.G,1.G
5sg0__1__1.A__1.G,1.G
5sg5__1__1.A__1.G,1.G
5sg6__1__1.A__1.G,1.G
5sg9__1__1.A__1.G,1.G
5sgg__1__1.A__1.G,1.G
5sgh__1__1.A__1.G,1.G
5sgk__1__1.A__1.G,1.G
5sgl__1__1.A__1.G,1.G
5sgm__1__1.A__1.D,1.D
5sgp__1__1.A__1.H,1.H
5sgr__1__1.A__1.G,1.G
5sgs__1__1.A__1.G,1.G
5sgt__1__1.A__1.G,1.G
5sgu__1__1.A__1.G,1.G
5sgw__1__1.A__1.G,1.G
5sgx__1__1.A__1.G,1.G
5sgz__1__1.A__1.G,1.G
5sh0__1__1.A__1.G,1.G
5sh1__1__1.A__1.G,1.G
5sh2__1__1.A__1.G,1.G
5sh6__1__1.A__1.G,1.G
5sh8__1__1.A__1.E,1.E
5shc__1__1.A__1.G,1.G
5shf__1__1.A__1.G,1.G
5shg__1__1.A__1.G,1.G
5shh__1__1.A__1.G,1.G
5shi__1__1.A__1.E,1.E
5shk__1__1.A__1.G,1.G
5shp__1__1.A__1.G,1.G
5shr__1__1.A__1.G,1.G
5shu__1__1.A__1.G,1.G
5shw__1__1.A__1.G,1.G
5shx__1__1.A__1.G,1.G
5si3__1__1.A__1.E,1.E
5si5__1__1.A__1.G,1.G
5si6__1__1.A__1.G,1.G
5si7__1__1.A__1.G,1.G
5si8__1__1.A__1.G,1.G
5si9__1__1.A__1.G,1.G
5sie__1__1.A__1.G,1.G
5sif__1__1.A__1.I,1.I
5sig__1__1.A__1.G,1.G
5sih__1__1.A__1.H,1.H
5sio__1__1.A__1.H,1.H
5sip__1__1.A__1.G,1.G
5siq__1__1.A__1.H,1.H
5sir__1__1.A__1.G,1.G
5siy__1__1.A__1.G,1.G
5siz__1__1.A__1.G,1.G
5sj1__1__1.A__1.G,1.G
5sj7__1__1.A__1.G,1.G
5sj8__1__1.A__1.G,1.G
5sjb__1__1.A__1.G,1.G
5sjc__1__1.A__1.F,1.F
5sjf__1__1.A__1.H,1.H
5sjg__1__1.A__1.G,1.G
5sjl__1__1.A__1.G,1.G
5sjo__1__1.A__1.H,1.H
5sjt__1__1.A__1.H,1.H
5sju__1__1.A__1.G,1.G
5sjv__1__1.A__1.G,1.G
5sjw__1__1.A__1.I,1.I
5sk0__1__1.A__1.G,1.G
5sk4__1__1.A__1.G,1.G
5sk5__1__1.A__1.H,1.H
5sk6__1__1.A__1.G,1.G
5sk9__1__1.A__1.G,1.G
5skd__1__1.A__1.G,1.G
5ske__1__1.A__1.G,1.G
5skf__1__1.A__1.I,1.I
5skg__1__1.A__1.G,1.G
5skh__1__1.A__1.H,1.H
5ski__1__1.A__1.G,1.G
5skl__1__1.A__1.G,1.G
5skm__1__1.A__1.G,1.G
5sko__1__1.A__1.G,1.G
5skr__1__1.A__1.G,1.G
5skt__1__1.A__1.G,1.G
5sku__1__1.A__1.G,1.G
5slg__1__1.A__1.G,1.G
5umb__1__1.A__1.E_1.F_1.G,1.G
6th4__1__1.C_1.D__1.T,1.T
6xqr__1__1.B__1.E,1.E
6z48__1__1.B__1.J,1.J
6zfz__1__1.A__1.B,1.B
6zg4__1__1.A__1.B,1.B
6zg9__1__1.A__1.B,1.B
6zk2__1__1.A_1.B__1.E_1.F,1.F
6zk5__1__1.A_1.B__1.F_1.G,1.F
6zx1__1__1.A_2.A__1.B,1.B
7a4q__1__1.A__1.B,1.B
7a9g__1__1.A_1.B__1.O_1.P,1.O
7a9h__1__1.A_1.B__1.C_1.D,1.D
7aag__1__1.A__1.G_1.H,1.G
7ab9__1__1.A__1.G_1.P,1.P
7abe__1__1.A__1.G_1.W,1.W
7abj__1__1.A__1.T,1.T
7afz__1__2.A__2.B_2.C_2.D,2.D
7ait__1__1.A__1.C,1.C
7aiu__1__1.A__1.H,1.H
7aiw__1__2.B__2.M,2.M
7an8__1__1.B__1.E,1.E
7ana__1__1.A__1.C,1.C
7au4__1__1.A_2.A__2.D,2.D
7ay9__1__1.A__1.I,1.I
7aya__1__1.A__1.H_1.N_1.U,1.U
7ayz__1__1.A__1.D,1.D
7b2u__1__1.A_1.B__1.C,1.C
7b3g__1__1.A__1.I,1.I
7b3h__1__1.A__1.H,1.H
7b3i__1__1.A__1.I,1.I
7b3p__1__1.A__1.G,1.G
7b3x__1__1.A__1.F,1.F
7b4x__1__1.A__1.M,1.M
7b6v__1__1.C_1.D__1.Y,1.Y
7b77__1__1.A_2.A__1.F,1.F
7b87__1__1.A__1.N,1.N
7b89__1__1.A__1.D,1.D
7b8a__1__1.A__1.F,1.F
7b9p__1__1.A_2.A__1.B_1.C,1.B
7bbn__1__1.B__1.E_1.F,1.E
7bc9__1__1.A__1.J,1.J
7bcf__1__1.A__1.H,1.H
7bdd__1__1.A__1.G,1.G
7bi6__1__1.A__1.B_1.G,1.B
7bis__1__1.A_2.A__2.F,2.F
7bk9__1__1.A_2.A__2.F,2.F
7blw__1__1.A__1.F,1.F
7bm3__1__1.A__1.M_1.P,1.P
7bm7__1__1.A__1.F,1.F
7bmd__1__1.A__1.G_1.R,1.R
7bn5__1__1.A__1.G,1.G
7bn7__1__1.A__1.E_1.F,1.E
7bn8__1__1.A__1.G,1.G
7bnc__1__1.A__1.K,1.K
7bo3__1__1.A__1.M_1.N,1.N
7bo7__1__1.A__1.C,1.C
7cqs__1__1.A__1.B_1.C,1.C
7dcb__1__1.A_1.B__1.C_1.D,1.D
7dcw__1__1.A_1.B__1.D,1.D
7dg4__1__1.A__1.B,1.B
7dgc__1__1.A_1.B__1.C_1.D,1.C
7dh3__1__1.A__1.B,1.B
7dh9__1__1.A__1.B,1.B
7dhn__1__1.A__1.B,1.B
7di7__1__1.A__1.D,1.D
7dia__1__1.A__1.D_1.E_1.G,1.E
7dij__1__1.A__1.F_1.J,1.J
7dji__1__1.D_1.E__1.L,1.L
7dlc__1__1.A_1.B__1.C_1.D,1.D
7dm6__1__1.A_1.B__1.C_1.D,1.D
7dmc__1__1.A__1.B_1.E_1.F,1.B
7dml__1__1.A__1.E,1.E
7dn8__1__1.B__1.I_1.J,1.J
7dnn__1__1.A_1.B__1.E,1.E
7dow__1__1.A_1.B__1.C,1.C
7dox__1__1.A_1.B__1.E_1.F,1.F
7doy__1__1.A_1.B__1.E,1.E
7dpk__1__1.A_1.B__1.C_1.D,1.C
7du9__1__1.A_1.B__1.D,1.D
7dua__1__1.B__1.D,1.D
7dut__1__2.A__2.B_2.C,2.B
7duy__1__1.A__1.B_1.C_1.D,1.D
7dva__1__1.A__1.C_1.E,1.C
7dvb__1__1.A__1.E,1.E
7dw7__1__1.A__1.B_1.JB_1.KB_1.LB,1.B
7dxl__1__1.A__1.C,1.C
7dyq__1__1.A__1.B_1.C,1.B
7dyw__1__1.A__1.B_1.C,1.B
7e1g__1__1.A__1.C_1.D,1.D
7e1n__1__1.A_1.B__1.D,1.D
7e3n__1__1.A_2.A__1.B_1.C_1.D,1.B
7e5f__1__1.A_2.A__2.B,2.B
7e5g__1__1.A_2.A__2.B,2.B
7e60__1__1.A__1.B_1.C,1.C
7eba__1__1.A__1.C,1.C
7ed1__1__1.A_1.B__1.C_1.D_1.E_1.F,1.C
7ed2__1__1.A_1.B__1.F_1.G_1.H,1.F
7ee5__1__1.A__1.H,1.H
7ef7__1__1.A__1.B_1.C,1.C
7ei4__1__1.A_1.B_1.C__1.F,1.F
7ejv__1__1.B__1.D,1.D
7ejw__1__1.A_1.B__1.I_1.J,1.I
7ekr__1__1.A__1.C,1.C
7elt__1__2.A__2.B,2.B
7ems__1__1.A__1.D,1.D
7en5__1__1.A_3.A_4.A__3.B,3.B
7en7__1__1.A_2.A_4.A__2.B,2.B
7en9__1__1.A_2.A__2.B,2.B
7end__1__1.A_2.A__2.B,2.B
7ene__1__1.A_1.B__1.E,1.E
7eqk__1__1.B__1.F_1.G,1.G
7er2__1__1.A__1.B,1.B
7es1__1__1.A__1.C,1.C
7esb__1__1.A__1.B_1.C_1.D_1.E,1.B
7esc__1__1.A__1.B_1.C,1.B
7eue__1__1.B__1.F,1.F
7euz__1__1.B__1.E_1.F,1.F
7eve__1__1.A__1.B_1.C_1.D,1.B
7ex2__1__1.A__1.C_1.D_1.E,1.E
7ex3__1__1.A__1.B_1.C_1.D,1.D
7exp__1__1.B__1.H_1.I,1.H
7exu__1__1.A__1.C,1.C
7eyt__1__1.A_1.C__1.E_1.F_1.G,1.F
7eyu__1__1.A_1.B__1.C_1.D_1.E,1.D
7ezf__1__1.B__1.G,1.G
7ezp__1__1.D__1.L,1.L
7ezq__1__2.A__2.B_2.C,2.B
7ezr__1__1.B__1.G,1.G
7f06__1__1.A__1.C,1.C
7f10__1__1.B__1.C,1.C
7f14__1__1.B__1.D,1.D
7f1u__1__1.A_1.B__1.E,1.E
7f1v__1__1.C_1.D__1.F,1.F
7f21__1__1.A__1.C_1.D,1.C
7f2k__1__1.A__1.C_1.D_1.E,1.E
7f2l__1__1.A__1.C_1.D_1.E,1.E
7f2m__1__1.A__1.C_1.D_1.E,1.E
7f2u__1__1.A__1.C_1.D_1.E,1.C
7f35__1__1.A_1.B__1.G,1.G
7f42__1__1.B__1.C,1.C
7f4c__1__1.A__1.C_1.D,1.C
7f50__1__1.A__1.B_1.C_1.E,1.E
7f51__1__1.A__1.C,1.C
7f6j__1__1.A__1.D_1.E,1.E
7f6w__1__2.A__2.B,2.B
7f7d__1__2.A__2.B,2.B
7f83__1__1.B__1.J,1.J
7f8t__1__1.A__1.L_1.M,1.M
7f8u__1__1.A__1.B,1.B
7fai__1__1.A__1.E,1.E
7faj__1__1.A__1.E,1.E
7fak__1__1.A__1.B,1.B
7faq__1__1.A__1.B_1.C_1.D_1.E,1.E
7far__1__1.A__1.B_1.C_1.D,1.D
7fcz__1__2.B__2.D,2.D
7fd0__1__1.A__1.C,1.C
7fd6__1__1.A__1.B,1.B
7fe2__1__1.A__1.E_1.I,1.E
7fee__1__1.A__1.D,1.D
7fee__1__1.A__1.E,1.E
7fgc__1__1.B__1.E,1.E
7fgd__1__1.B__1.E,1.E
7fgm__1__1.A__1.C_1.D_1.E,1.C
7fgp__1__1.A__1.C_1.G,1.C
7fha__1__1.A__1.C,1.C
7fhb__1__1.A__1.B,1.B
7fhs__1__1.A__1.E_1.G,1.E
7fis__1__1.D__1.CA_1.Y,1.Y
7fja__1__1.A__1.C_1.D,1.C
7fmg__1__1.A__1.C,1.C
7fnt__1__1.B__1.C,1.C
7fsd__1__1.A__1.I,1.I
7fti__1__1.A__1.C,1.C
7ftm__1__1.A__1.C,1.C
7ftv__1__1.A__1.C,1.C
7ftw__1__1.A__1.C,1.C
7ftz__1__1.A__1.D,1.D
7fu2__1__1.A__1.C,1.C
7fu6__1__1.A__1.C,1.C
7fu7__1__1.A__1.C,1.C
7fu8__1__1.A__1.C,1.C
7fuc__1__1.A__1.C,1.C
7fuf__1__1.A__1.C,1.C
7fum__1__1.A__1.C,1.C
7fw3__1__1.A__1.B,1.B
7fwb__1__1.A__1.B,1.B
7fwe__1__1.A__1.B,1.B
7fwh__1__1.A__1.B,1.B
7fwi__1__1.A__1.D,1.D
7fwl__1__1.A__1.B,1.B
7fwm__1__1.A__1.B,1.B
7fwn__1__1.A__1.D,1.D
7fwr__1__1.A__1.B,1.B
7fx1__1__1.A__1.B,1.B
7fxi__1__1.A__1.D,1.D
7fy8__1__1.A__1.I_1.J,1.I
7fyr__1__1.A__1.B,1.B
7fys__1__1.A__1.B,1.B
7fyx__1__1.A__1.C,1.C
7fz0__1__1.A__1.E,1.E
7fz3__1__1.A__1.B,1.B
7fzc__1__1.A__1.B,1.B
7fzl__1__1.A__1.B,1.B
7fzs__1__1.A__1.B,1.B
7g00__1__1.A__1.Q,1.Q
7g07__1__1.A__1.B,1.B
7g0g__1__1.A__1.B,1.B
7g0j__1__1.A__1.D,1.D
7g0t__1__1.A__1.B,1.B
7g10__1__1.A__1.D,1.D
7g1b__1__1.A__1.B,1.B
7g1e__1__1.A__1.C,1.C
7g1j__1__1.A__1.B,1.B
7g1m__1__1.A__1.B,1.B
7g20__1__1.A__1.B,1.B
7g90__1__1.A__1.C,1.C
7gav__1__1.A_1.B__1.E_1.I_1.J,1.I
7gaw__1__1.A_1.B__1.K,1.K
7gb6__1__1.A_2.A__1.F,1.F
7gb7__1__1.A_2.A__1.B,1.B
7gb8__1__1.A_2.A__1.F,1.F
7gbc__1__1.A_2.A__2.E,2.E
7gbd__1__1.A_2.A__2.E,2.E
7gbe__1__1.A_2.A__1.B,1.B
7gbg__1__1.A_2.A__2.E,2.E
7gbi__1__1.A_2.A__2.D,2.D
7gbo__1__1.A_2.A__1.E,1.E
7gbp__1__1.A_2.A__2.F,2.F
7gbq__1__1.A_2.A__1.E,1.E
7gbr__1__1.A_2.A__2.F,2.F
7gbs__1__1.A_2.A__1.E_1.F,1.E
7gbw__1__1.A_2.A__1.F,1.F
7gby__1__1.A_2.A__1.E,1.E
7gbz__1__1.A_2.A__2.F,2.F
7gc0__1__1.A_2.A__1.E,1.E
7gc1__1__1.A_2.A__2.E,2.E
7gc2__1__1.A_2.A__2.E,2.E
7gc3__1__1.A_2.A__2.F,2.F
7gc4__1__1.A_2.A__1.F_1.G,1.F
7gc8__1__1.A_2.A__2.E,2.E
7gcd__1__1.A_2.A__1.F_1.G,1.F
7gce__1__1.A_2.A__2.E,2.E
7gcf__1__1.A_2.A__2.E,2.E
7gcj__1__1.A_2.A__1.E,1.E
7gck__1__1.A_2.A__1.E,1.E
7gcl__1__1.A_2.A__2.F,2.F
7gcn__1__1.A_2.A__2.F,2.F
7gco__1__1.A_2.A__2.E,2.E
7gcq__1__1.A_2.A__1.F,1.F
7gcs__1__1.A_2.A__1.E,1.E
7gcu__1__1.A_2.A__1.E,1.E
7gcv__1__1.A_2.A__2.E,2.E
7gcx__1__1.A_2.A__2.E,2.E
7gd0__1__1.A_2.A__1.F,1.F
7gd1__1__1.A_2.A__1.E,1.E
7gda__1__1.A_2.A__1.D,1.D
7gdc__1__1.A_2.A__2.D,2.D
7gde__1__1.A_2.A__1.E,1.E
7gdg__1__1.A_2.A__2.F,2.F
7gdj__1__1.A_2.A__2.E,2.E
7gdk__1__1.A_2.A__2.E,2.E
7gdl__1__1.A_2.A__1.E,1.E
7gdm__1__1.A_2.A__2.E,2.E
7gdz__1__1.A_2.A__1.E,1.E
7ge2__1__1.A_2.A__2.E,2.E
7ge3__1__1.A_2.A__1.D,1.D
7ge4__1__1.A_2.A__1.E_1.F,1.F
7ge8__1__1.A_2.A__2.E,2.E
7ge9__1__1.A_2.A__1.E,1.E
7gec__1__1.A_2.A__2.E,2.E
7ged__1__1.A_2.A__1.E,1.E
7gee__1__1.A_2.A__2.E,2.E
7gef__1__1.A_2.A__1.D,1.D
7geg__1__1.A_2.A__2.E,2.E
7geh__1__1.A_2.A__2.E,2.E
7gek__1__1.A_2.A__1.E,1.E
7gem__1__1.A_2.A__1.E_1.F,1.E
7gen__1__1.A_2.A__2.E,2.E
7ges__1__1.A_2.A__2.E,2.E
7geu__1__1.A_2.A__2.E,2.E
7gew__1__1.A_2.A__1.E,1.E
7gey__1__1.A_2.A__2.E,2.E
7gf0__1__1.A_2.A__1.E,1.E
7gf2__1__1.A_2.A__2.E,2.E
7gf3__1__1.A_2.A__1.E,1.E
7gf5__1__1.A_2.A__1.E,1.E
7gf6__1__1.A_2.A__2.E,2.E
7gfb__1__1.A_2.A__2.E,2.E
7gfh__1__1.A_2.A__1.E,1.E
7gfl__1__1.A_2.A__2.E,2.E
7gfr__1__1.A_2.A__2.E,2.E
7gfs__1__1.A_2.A__2.E,2.E
7gft__1__1.A_2.A__1.E,1.E
7gfx__1__1.A_2.A__2.E,2.E
7gg2__1__1.A_2.A__2.E,2.E
7gga__1__1.A_2.A__1.E_1.F,1.E
7ggd__1__1.A__1.E,1.E
7gge__1__1.A_2.A__2.E_2.F,2.E
7ggh__1__1.A_2.A__2.E_2.F,2.E
7ggo__1__1.A_2.A__2.E_2.G,2.E
7ggq__1__1.A_2.A__2.E_2.F,2.E
7ggv__1__1.A_2.A__2.E_2.G,2.E
7ggw__1__1.A_2.A__1.E_1.F,1.E
7gh0__1__1.A_2.A__2.E_2.F,2.E
7gh1__1__1.A_2.A__2.E_2.F,2.E
7gh3__1__1.A_2.A__2.E,2.E
7gh5__1__1.A_2.A__1.B,1.B
7gh6__1__1.A_2.A__2.B,2.B
7gh7__1__1.A_2.A__1.B_1.F,1.B
7ghm__1__1.A_1.B__1.N_1.P,1.N
7ghn__1__1.A_1.B__1.N,1.N
7gho__1__1.A_1.B__1.E_1.F,1.F
7ghp__1__1.A_1.B__1.M_1.O,1.M
7ghq__1__1.A_1.B__1.D_1.E,1.E
7ghr__1__1.A_1.B__1.M,1.M
7ghs__1__1.A_1.B__1.E_1.F,1.F
7ghx__1__1.A_1.B__1.O_1.Q,1.O
7ghy__1__1.A_1.B__1.O_1.P_1.Q,1.O
7gi1__1__1.A_1.B__1.K_1.L_1.M_1.N,1.M
7gi2__1__1.A_1.B__1.E_1.F_1.H_1.J,1.F
7gi4__1__1.A_1.B__1.J,1.J
7gi6__1__1.A_1.B__1.D,1.D
7gi7__1__1.A_1.B__1.L,1.L
7gi8__1__1.A_1.B__1.R_1.U_1.V,1.R
7gi9__1__1.A_1.B__1.F,1.F
7gia__1__1.A_1.B__1.F,1.F
7gib__1__1.A_1.B__1.E_1.F,1.F
7gic__1__1.A_1.B__1.E_1.F_1.G,1.F
7gid__1__1.A_1.B__1.E_1.F,1.F
7gih__1__1.A_1.B__1.L_1.P,1.L
7gij__1__1.A_1.B__1.E_1.F,1.F
7gim__1__1.A_1.B__1.E_1.F,1.F
7gin__1__1.A_1.B__1.F_1.G,1.F
7gio__1__1.A_1.B__1.L_1.O,1.L
7gip__1__1.A_1.B__1.N_1.O,1.N
7giq__1__1.A_1.B__1.F_1.G,1.F
7gir__1__1.A_1.B__1.F_1.I,1.F
7gis__1__1.A_1.B__1.E_1.F,1.F
7git__1__1.A_1.B__1.E_1.F,1.F
7giu__1__1.A_1.B__1.K_1.L,1.K
7gix__1__1.A_1.B__1.E_1.F,1.F
7giy__1__1.A_1.B__1.E_1.F,1.F
7giz__1__1.A_1.B__1.E_1.F_1.G,1.F
7gj0__1__1.A_1.B__1.M_1.N,1.M
7gj2__1__1.A_1.B__1.E_1.F,1.F
7gj4__1__1.A_1.B__1.E_1.F,1.F
7gj6__1__1.A_1.B__1.E_1.F,1.F
7gj8__1__1.A_1.B__1.E_1.F,1.F
7gjb__1__1.A_1.B__1.E_1.F_1.H,1.F
7gjc__1__1.A_1.B__1.E,1.E
7gjd__1__1.A_1.B__1.E_1.F,1.F
7gjf__1__1.A_1.B__1.E_1.F,1.F
7gjg__1__1.A_1.B__1.E_1.F,1.F
7gji__1__1.A_1.B__1.L,1.L
7gjk__1__1.A_1.B__1.E_1.F,1.F
7gjl__1__1.A_1.B__1.D_1.E,1.E
7gjm__1__1.A_1.B__1.E_1.F_1.H,1.F
7gjp__1__1.A_1.B__1.E_1.F,1.F
7gjq__1__1.A_1.B__1.E_1.F,1.F
7gjv__1__1.A_1.B__1.J_1.K,1.J
7gjx__1__1.A_1.B__1.E_1.J,1.J
7gjy__1__1.A_1.B__1.H_1.I,1.H
7gjz__1__1.A_1.B__1.I_1.K,1.I
7gk0__1__1.A_1.B__1.E_1.J,1.J
7gk1__1__1.A_1.B__1.D_1.I,1.I
7gk2__1__1.A_1.B__1.E_1.J,1.J
7gk3__1__1.A_1.B__1.E_1.J,1.J
7gk6__1__1.A_1.B__1.E_1.J,1.J
7gk7__1__1.A_1.B__1.H,1.H
7gk8__1__1.A_1.B__1.H,1.H
7gk9__1__1.A_1.B__1.M_1.O,1.M
7gka__1__1.A_1.B__1.E_1.J,1.J
7gkc__1__1.A_1.B__1.E_1.J,1.J
7gke__1__1.A_1.B__1.E_1.J,1.J
7gkf__1__1.A_1.B__1.E_1.J,1.J
7gkg__1__1.A_1.B__1.E_1.J,1.J
7gkh__1__1.A_1.B__1.J,1.J
7gki__1__1.A__1.I,1.I
7gkj__1__1.A_1.B__1.E_1.J_1.K,1.J
7gkk__1__1.A_1.B__1.O,1.O
7gkm__1__1.A_1.B__1.I_1.J,1.I
7gkn__1__1.A_1.B__1.Q_1.S_1.T,1.Q
7gko__1__1.A_1.B__1.I_1.J,1.I
7gkp__1__1.A_1.B__1.D_1.I_1.J,1.I
7gkq__1__1.A_1.B__1.E_1.J,1.J
7gks__1__1.A_1.B__1.H,1.H
7gkt__1__1.A_1.B__1.E_1.J,1.J
7gkw__1__1.A_1.B__1.E_1.J,1.J
7gkx__1__1.A_1.B__1.I,1.I
7gkz__1__1.A_1.B__1.E_1.J,1.J
7gl1__1__1.A_1.B__1.D_1.I,1.I
7gl2__1__1.A_1.B__1.H_1.I,1.H
7gl3__1__1.A_1.B__1.H,1.H
7gl5__1__1.A_1.B__1.D_1.I_1.K,1.I
7gl6__1__1.A_1.B__1.E_1.J,1.J
7gl7__1__1.A_1.B__1.E_1.J,1.J
7gla__1__1.A_1.B__1.I,1.I
7glb__1__1.A_1.B__1.N,1.N
7gld__1__1.A_1.B__1.H,1.H
7glg__1__1.A_1.B__1.H,1.H
7gli__1__1.A_1.B__1.L,1.L
7gln__1__1.A_1.B__1.I,1.I
7glo__1__1.A_1.B__1.E_1.J,1.J
7glq__1__1.A_1.B__1.E_1.J,1.J
7glw__1__1.A_1.B__1.E_1.J_1.K,1.K
7gly__1__1.A_1.B__1.I,1.I
7gm0__1__1.A_1.B__1.N,1.N
7gm1__1__1.A_1.B__1.I,1.I
7gm3__1__1.A_1.B__1.D_1.I,1.I
7gm4__1__1.A_1.B__1.I,1.I
7gm5__1__1.A_1.B__1.I,1.I
7gm6__1__1.A_1.B__1.N,1.N
7gm8__1__1.A_1.B__1.I,1.I
7gm9__1__1.A_1.B__1.I,1.I
7gma__1__1.A_1.B__1.J,1.J
7gmb__1__1.A_1.B__1.D_1.I,1.I
7gmh__1__1.A_1.B__1.O,1.O
7gmi__1__1.A_1.B__1.D_1.I,1.I
7gmj__1__1.A_1.B__1.E_1.J_1.K,1.K
7gmk__1__1.A_1.B__1.E_1.J,1.J
7gml__1__1.A_1.B__1.E_1.J,1.J
7gmm__1__1.A_1.B__1.E_1.J,1.J
7gmo__1__1.A_1.B__1.E_1.J,1.J
7gmp__1__1.A_1.B__1.D_1.I,1.I
7gmq__1__1.A_1.B__1.D_1.I,1.I
7gms__1__1.A_1.B__1.I,1.I
7gmu__1__1.A_1.B__1.I,1.I
7gmw__1__1.A_1.B__1.E_1.J,1.J
7gmy__1__1.A_1.B__1.I,1.I
7gn0__1__1.A_1.B__1.I,1.I
7gn4__1__1.A_1.B__1.E_1.J,1.J
7gn5__1__1.A_1.B__1.I,1.I
7gn8__1__1.A_1.B__1.I_1.J,1.I
7gn9__1__1.A_1.B__1.O,1.O
7gnb__1__1.A_1.B__1.M_1.O,1.M
7gnc__1__1.A_1.B__1.E_1.J,1.J
7gnd__1__1.A_1.B__1.E_1.J,1.J
7gnf__1__1.A_1.B__1.P_1.R,1.P
7gng__1__1.A_1.B__1.Q,1.Q
7gnh__1__1.A_1.B__1.M,1.M
7gni__1__1.A_1.B__1.E_1.J_1.K,1.J
7gnk__1__1.A_1.B__1.T,1.T
7gnl__1__1.A_1.B__1.N,1.N
7gnm__1__1.A_1.B__1.S,1.S
7gnn__1__1.A_1.B__1.I,1.I
7gno__1__1.A_1.B__1.P_1.S,1.P
7gnp__1__1.A_1.B__1.H_1.J,1.H
7gnq__1__1.A_1.B__1.G_1.I_1.L,1.G
7gnr__1__1.A_1.B__1.E_1.J,1.J
7gns__1__1.A_1.B__1.H_1.J,1.H
7gnt__1__1.A_1.B__1.N_1.O,1.O
7gnu__1__1.A_1.B__1.O_1.Q,1.O
7grr__1__1.A__1.D,1.D
7grs__1__1.B__1.Q,1.Q
7grt__1__1.A__1.C_1.E_1.I,1.C
7grw__1__1.B__1.M_1.N,1.M
7gs0__1__1.A_1.B__1.D,1.D
7h1j__1__1.B__1.E,1.E
7jhq__1__2.D__2.Q,2.Q
7jni__1__1.A__1.C,1.C
7jty__1__1.A__1.E_1.J,1.E
7jxa__1__1.C__1.I,1.I
7jyd__1__1.A__1.C,1.C
7k4g__1__1.B__1.J_1.K_1.L,1.L
7k4h__1__1.F__1.V_1.W_1.X,1.X
7k4i__1__1.B__1.J_1.K_1.L,1.L
7k4j__1__1.E__1.S_1.T_1.U,1.U
7k5v__1__1.A__1.C,1.C
7kad__1__1.A__1.E_1.F,1.E
7kb6__1__1.A__1.OA_1.Q_1.R,1.OA
7kb8__1__1.A__1.E,1.E
7kbj__1__1.B_1.C__1.L_1.M_1.O,1.O
7kbr__1__1.B_1.C__1.EA_1.IA_1.N,1.IA
7kgy__1__2.C_2.D__2.J,2.J
7kh4__1__1.A_1.F__1.G_1.W,1.G
7kkh__1__1.A_1.B__1.D,1.D
7knr__1__1.A__1.B_1.C_1.D,1.D
7ko6__1__1.A__1.D,1.D
7kop__1__1.A__1.B_1.C_1.D,1.D
7kry__1__1.A__1.E_1.F,1.E
7kxz__1__1.A__1.C,1.C
7l1j__1__1.A_1.B__1.E_1.G,1.E
7l1p__1__1.A_1.B__1.C,1.C
7l2y__1__1.A_2.A__1.J,1.J
7l3m__1__1.A__1.B_1.D_1.E_1.F_1.G,1.E
7l8o__1__1.A__1.G_1.H,1.G
7l91__1__3.A__3.B_3.C_3.D,3.D
7l9g__1__1.A__1.B_1.D,1.D
7lbv__1__1.A__1.B,1.B
7ldy__1__1.A_1.B__1.H,1.H
7le3__1__1.A_1.B__1.C,1.C
7le5__1__1.A_1.B__1.H,1.H
7le6__1__1.A_1.B__1.C,1.C
7lff__1__1.A__1.C_1.D,1.C
7lk0__1__1.A_2.A__1.D,1.D
7lm4__1__1.A__1.B_1.C_1.D,1.D
7lnh__1__2.A_2.B__2.E,2.E
7lp0__1__1.A__1.C,1.C
7lpk__1__1.A__1.C,1.C
7lpw__1__1.A_1.B__1.G,1.G
7lr9__1__1.A__1.C,1.C
7lrk__1__1.A__1.C,1.C
7lro__1__1.A__1.D,1.D
7ltz__1__1.A__1.B_1.C,1.B
7lv3__1__1.A_1.B__1.C_1.D_1.E,1.E
7lxr__1__1.A__1.E_1.F,1.E
7lzr__1__1.A_1.B__1.H,1.H
7m0n__1__1.B__1.J_1.M_1.N,1.J
7m94__1__1.B__1.J,1.J
7m95__1__1.B__1.K,1.K
7m96__1__1.A__1.E,1.E
7m9g__1__1.A_1.B__1.E,1.E
7m9h__1__1.A_1.B__1.E,1.E
7m9r__1__1.A_1.B__1.C,1.C
7m9t__1__1.A_1.B__1.D,1.D
7m9v__1__1.A_1.B__1.C,1.C
7m9x__1__1.A_1.B__1.C,1.C
7ma0__1__1.A_1.B__1.I,1.I
7ma1__1__1.A_1.B__1.M,1.M
7ma2__1__1.A_1.B__1.E,1.E
7ma3__1__1.A_1.B__1.E,1.E
7ma4__1__1.A_1.B__1.D,1.D
7ma5__1__1.A_1.B__1.G,1.G
7ma7__1__1.A_1.B__1.E,1.E
7ma8__1__1.A_1.B__1.E,1.E
7maq__1__1.A_1.B__1.C,1.C
7mbw__1__1.A__1.E_1.F,1.E
7mcj__1__1.A__1.C_1.D,1.C
7mdp__1__1.A__1.D,1.D
7mgj__1__1.A__1.E,1.E
7mgk__1__1.A__1.E,1.E
7mgt__1__1.A__1.B_1.C_1.D,1.D
7mjd__1__1.B__1.S,1.S
7mkx__1__1.A__1.E,1.E
7mlo__1__1.A__1.C,1.C
7mlp__1__1.A__1.B,1.B
7mlt__1__1.A__1.W,1.W
7mmr__1__1.A_1.E__1.BA_1.CA_1.K,1.BA
7mnw__1__1.A__1.I_1.J,1.I
7mof__1__1.A__1.C,1.C
7mog__1__1.A__1.C,1.C
7msk__1__1.A__1.C_1.D,1.D
7mt4__1__2.A_2.B__2.C,2.C
7mu0__1__1.A__1.C_1.F,1.C
7mwn__1__1.A_1.B__1.C,1.C
7mxh__1__1.A__1.D,1.D
7mxk__1__1.A__1.B_1.C,1.C
7mxn__1__1.A__1.C,1.C
7my0__1__1.A__1.C_1.F_1.G,1.C
7myd__1__1.A__1.C_1.G,1.C
7myj__1__1.A__1.G,1.G
7n1r__1__1.A__1.P_1.Q_1.R,1.Q
7n4w__1__1.A__1.D,1.D
7n4z__1__1.A__1.F,1.F
7n53__1__1.A__1.D,1.D
7n54__1__1.B__1.H,1.H
7n8w__1__1.A_1.B__1.C_1.E,1.C
7n9d__1__1.A__1.D,1.D
7n9g__1__1.A__1.E_1.F,1.E
7nag__1__1.A__1.C,1.C
7nah__1__1.A__1.C,1.C
7nai__1__1.A__1.C,1.C
7nb3__1__1.A__1.C,1.C
7nb7__1__1.A__1.E,1.E
7nbt__1__1.A_2.A__1.C,1.C
7nbw__1__1.A_2.A__1.B,1.B
7ng1__1__2.A__2.C_2.D,2.C
7ngd__1__1.A__1.B,1.B
7ngg__1__2.A__2.B,2.B
7ngi__1__2.A__2.C,2.C
7ngj__1__1.A__1.B,1.B
7ngk__1__2.A__2.C,2.C
7ngm__1__2.A__2.B,2.B
7ngs__1__1.A__1.B,1.B
7ngw__1__2.A__2.B,2.B
7ngx__1__1.A__1.B,1.B
7ngy__1__2.A__2.B,2.B
7nlk__1__1.A__1.C_1.E,1.E
7nlm__1__1.A__1.B_1.C,1.B
7nlv__1__1.A_1.C__1.G,1.G
7nqw__1__1.A__1.D_1.E_1.F,1.F
7nr5__1__1.A__1.F,1.F
7nr6__1__1.B__1.H,1.H
7nr8__1__1.A__1.F_1.I,1.I
7nsn__1__1.A__1.J,1.J
7ntb__1__1.A__1.B_1.C,1.C
7ntz__1__1.A__1.B,1.B
7nud__1__1.B__1.D,1.D
7nue__1__1.A__1.C,1.C
7nwa__1__1.A_1.B__1.E,1.E
7nwc__1__1.A_1.B__1.G,1.G
7nxu__1__1.A__1.B_1.C_1.D,1.D
7nya__1__1.A_1.B__1.F,1.F
7nzn__1__1.A_2.A__1.B,1.B
7nzy__1__1.A__1.E,1.E
7o1b__1__1.A__1.E,1.E
7o2t__1__1.A_2.A__1.B,1.B
7o46__1__1.A_2.A__1.B,1.B
7o6x__1__1.A__1.E,1.E
7o7j__1__1.A__1.B,1.B
7o7k__1__1.A__1.E,1.E
7o9i__1__1.A__1.B,1.B
7oa1__1__1.A__1.D_1.H,1.H
7oa4__1__1.A__1.E_1.F_1.H_1.I,1.E
7oat__1__1.B__1.F_1.G,1.F
7ocp__1__1.B__1.J_1.K,1.J
7ocs__1__1.D__1.BB,1.BB
7odn__1__1.A_1.B__1.J,1.J
7oed__1__1.A__1.C,1.C
7of8__1__1.A__1.B,1.B
7ofa__1__1.A__1.B_1.C,1.B
7ohg__1__1.A__1.B_1.D_1.E_1.F,1.B
7oj6__1__1.A_1.C__1.Y,1.Y
7ojq__1__1.A_1.C__1.F,1.F
7ojw__1__1.A_1.C__1.F,1.F
7ojy__1__1.A_1.B__1.D,1.D
7ok1__1__1.A_1.B__1.D,1.D
7ok8__1__1.A__1.B_1.C_1.D,1.D
7okc__1__1.A_2.A__2.B,2.B
7oli__1__1.A__1.C,1.C
7olj__1__1.A_1.B__1.E,1.E
7oll__1__1.A_2.A__2.B_2.C_2.D,2.C
7om1__1__1.A_1.B__1.E,1.E
7omd__1__1.A__1.C_1.D,1.C
7ome__1__1.A__1.B,1.B
7omo__1__1.A__1.C,1.C
7omr__1__1.A__1.B,1.B
7on9__1__1.A__1.E_1.F,1.E
7onf__1__1.A_2.A__1.C,1.C
7opm__1__1.A__1.D,1.D
7oq6__1__1.B__1.H_1.J,1.H
7orq__1__1.A__1.B_1.C_1.D,1.D
7osx__1__1.A__1.C,1.C
7ou8__1__1.A__1.C,1.C
7oum__1__1.A__1.K,1.K
7ouw__1__1.A__1.C,1.C
7ouy__1__1.A_1.B__1.M_1.N,1.M
7ovd__1__1.A__1.B,1.B
7oy5__1__1.A__1.C,1.C
7oyf__1__1.A_1.B__1.C_1.D_1.E_1.F_1.S,1.F
7oze__1__1.A__1.E_1.F,1.E
7p0h__1__1.C__1.V_1.W,1.V
7p0x__1__1.A_1.B__1.D_1.G,1.D
7p1a__1__1.A__1.B_1.D,1.D
7p1e__1__1.A__1.C_1.G,1.C
7p1f__1__1.A__1.C,1.C
7p1o__1__1.A__1.D,1.D
7p1s__1__1.A__1.E,1.E
7p1u__1__1.A__1.C_1.D,1.C
7p2t__1__1.A__1.E_1.H,1.H
7p3b__1__1.A__1.C_1.D_1.E,1.C
7p3v__1__1.B__1.D,1.D
7p4c__1__1.A__1.E_1.F,1.F
7p4v__1__1.A_3.A__1.B,1.B
7p5e__1__1.A__1.B_1.D,1.D
7p5f__1__1.A__1.C,1.C
7p5i__1__1.A__1.D,1.D
7p5k__1__1.A__1.C,1.C
7p5n__1__1.A__1.C,1.C
7p5p__1__1.A__1.D,1.D
7p84__1__1.A_1.B__1.E_1.F_1.G_1.H,1.H
7p8m__1__1.A_1.B__1.E_1.F_1.G_1.H,1.H
7p97__1__1.A__1.C_1.D_1.E,1.C
7pa1__1__1.A__1.D,1.D
7paw__1__1.B__1.C,1.C
7pcc__1__1.A_1.B__1.C_1.I,1.C
7pcs__1__1.B__1.G_1.H,1.G
7pd6__1__1.A_1.B__1.K,1.K
7pdb__1__1.C_1.D__1.H,1.H
7pdr__1__1.A_1.E__1.I,1.I
7pdt__1__1.A__1.E,1.E
7pe4__1__1.A__1.B_1.C,1.B
7pe5__1__1.D_1.E__1.I,1.I
7pe6__1__1.A_1.B__1.F,1.F
7pfm__1__1.A_1.B__1.C,1.C
7pfs__1__1.B__1.AA_1.W,1.W
7phe__1__1.A__1.C,1.C
7phj__1__1.A__1.B_1.C,1.C
7phn__1__1.A__1.B_1.C,1.C
7pi1__1__1.A__1.F,1.F
7pj9__1__1.A__1.C,1.C
7pjk__1__1.A__1.E,1.E
7plf__1__1.A__1.C_1.D,1.D
7pn9__1__1.A__1.B_1.C,1.B
7pom__1__1.C__1.I_1.J,1.J
7poo__1__1.A_1.B__1.G,1.G
7pox__1__1.A__1.C,1.C
7ppg__1__1.A_1.B__1.E_1.G_1.H,1.G
7pph__1__1.A_1.B__1.H_1.J,1.H
7ppq__1__1.B__1.H,1.H
7ppy__1__1.A_1.B__1.E_1.F,1.E
7pqs__1__1.A__1.C,1.C
7pqv__1__1.A__1.B,1.B
7pri__1__1.A__1.C_1.F,1.F
7psc__1__1.A_1.B__1.C_1.D,1.C
7pu8__1__1.A_1.B__1.H,1.H
7puc__1__1.C_1.D__1.I,1.I
7puq__1__1.C_1.D__1.K,1.K
7put__1__1.A__1.I,1.I
7puw__1__1.B__1.G_1.H,1.H
7pv6__1__1.A_1.B__1.E_1.H,1.E
7pvn__1__1.A__1.C_1.H_1.J,1.C
7pwd__1__1.A__1.D,1.D
7pwu__1__1.A__1.C,1.C
7pwy__1__1.A_1.B__1.I_1.J,1.J
7px0__1__1.B__1.T_1.W,1.T
7pz1__1__1.A__1.D,1.D
7pzu__1__1.A__1.B_1.C,1.C
7pzv__1__1.A__1.B_1.C,1.C
7q29__1__1.A__1.G_1.I_1.J_1.O,1.I
7q2o__1__1.A_1.B__1.D,1.D
7q4f__1__1.A_1.C__1.J,1.J
7q6f__1__1.A__1.C_1.D,1.C
7q6g__1__1.A__1.B_1.C,1.B
7q6v__1__1.A__1.E,1.E
7q6w__1__1.A__1.E,1.E
7q7c__1__1.A__1.B_1.C,1.C
7q7i__1__1.A__1.B,1.B
7q7k__1__1.A__1.B,1.B
7q7t__1__1.A_2.A__2.C,2.C
7q7v__1__1.A_2.A__2.B,2.B
7q8k__1__1.A__1.C_1.F_1.H,1.C
7q8q__1__1.A__1.C_1.E_1.J,1.C
7q8z__1__1.A__1.E,1.E
7q90__1__1.A__1.D,1.D
7qa3__1__1.A__1.C,1.C
7qaa__1__1.B__1.D,1.D
7qan__1__1.A__1.C_1.D,1.C
7qdt__1__1.A__1.B,1.B
7qea__1__1.A__1.C,1.C
7qei__1__1.A__1.B,1.B
7qfe__1__1.A__1.D,1.D
7qfo__1__1.A_2.A__1.C_1.D,1.C
7qg1__1__1.A__1.C,1.C
7qg3__1__1.A__1.C,1.C
7qg5__1__1.A__1.C,1.C
7qgm__1__2.A__2.B_2.C_2.E,2.E
7qgt__1__1.B__1.F,1.F
7qgz__1__1.A__1.B_1.C,1.C
7qh1__1__1.A__1.E_1.F,1.F
7qhd__1__1.A__1.J_1.P,1.J
7qhe__1__1.A__1.I,1.I
7qhl__1__1.A__1.E,1.E
7qhz__1__1.A__1.B,1.B
7qi0__1__1.A__1.C,1.C
7qk0__1__1.A_2.A__1.B_2.E,1.B
7qnh__1__1.B__1.E_1.F,1.E
7qnn__1__1.A__1.C,1.C
7qoz__1__1.B__1.L_1.M,1.L
7qqa__1__1.A_1.B__1.H_1.I,1.H
7qrb__1__1.A__1.G,1.G
7qrc__1__1.A__1.D,1.D
7qrk__1__1.A__1.B_1.C_1.D,1.D
7qt2__1__1.A_1.B__1.E,1.E
7qt6__1__1.A__1.B,1.B
7qty__1__1.A__1.C,1.C
7qv8__1__1.A__1.C_1.D,1.D
7qy9__1__1.A__1.C,1.C
7qyn__1__1.B__1.O,1.O
7r02__1__1.B__1.L,1.L
7r0a__1__1.A__1.C,1.C
7r0d__1__1.A_1.B__1.E_1.F,1.E
7r26__1__1.A__1.B,1.B
7r2v__1__1.A__1.C_1.D,1.C
7r2y__1__1.A_1.C__1.G_1.H,1.G
7r4a__1__1.A__1.C,1.C
7r4m__1__1.A_2.A__1.B_1.C,1.B
7r5d__1__1.A__1.C,1.C
7r6g__1__1.A__1.C,1.C
7r6z__1__1.A__1.C_1.E_1.F,1.C
7r7e__1__1.A__1.C_1.D_1.F,1.C
7r7l__1__1.A__1.C,1.C
7r7r__1__1.A__1.B,1.B
7r9n__1__1.B__1.E,1.E
7r9p__1__1.A__1.C,1.C
7r9t__1__1.A__1.C,1.C
7rae__1__1.A__1.C,1.C
7raf__1__1.A__1.C,1.C
7rbw__1__1.A__1.C,1.C
7rc9__1__1.A_1.B__1.X,1.X
7rck__1__1.A__1.C_1.D,1.C
7rdp__1__1.A__1.B,1.B
7rf9__1__1.A_1.B__1.G,1.G
7rh1__1__1.A__1.D,1.D
7rh3__1__1.A__1.C,1.C
7rh4__1__1.A__1.C,1.C
7rke__1__1.A__1.E,1.E
7rl2__1__1.A__1.C,1.C
7rls__1__1.A_2.A__2.B,2.B
7rmb__1__1.A_2.A__2.B,2.B
7rmw__1__1.A__1.G,1.G
7rn4__1__1.A_2.A__2.B,2.B
7rnk__1__1.A_2.A__2.B,2.B
7rnm__1__1.B__1.F,1.F
7rnp__1__1.A__1.E,1.E
7rof__1__1.A__1.E,1.E
7ror__1__1.A__1.C_1.D,1.C
7ros__1__1.A__1.C,1.C
7rq0__1__1.A_1.B__1.L,1.L
7rrb__1__1.A__1.C,1.C
7rrc__1__1.A__1.C,1.C
7rre__1__1.A__1.B_1.C_1.D,1.B
7rsp__1__1.A__1.C_1.D,1.D
7rst__1__1.A__1.E_1.F,1.F
7rsv__1__1.A__1.C_1.D,1.C
7rwe__1__1.A__1.B,1.B
7rwf__1__1.A__1.C,1.C
7rxo__1__1.A__1.C,1.C
7s14__1__1.A_1.B__1.E_1.K,1.E
7s1c__1__1.A__1.C,1.C
7s1d__1__1.A__1.C,1.C
7s6u__1__1.A__1.B,1.B
7s6v__1__1.A__1.B,1.B
7s7t__1__1.A__1.B,1.B
7s7x__1__1.A__1.D,1.D
7s84__1__1.A__1.B,1.B
7sa0__1__1.A__1.F,1.F
7scr__1__1.E__1.K,1.K
7scw__1__1.A_1.B__1.C_1.D,1.D
7sdd__1__2.A__2.B,2.B
7sdr__1__1.A__1.D,1.D
7se9__1__1.A__1.C_1.D,1.C
7sec__1__1.A__1.D_1.G,1.D
7sel__1__1.A__1.C,1.C
7sez__1__1.A__1.B,1.B
7sfo__1__1.A__1.E,1.E
7sgg__1__1.A__1.B_1.D,1.B
7sgi__1__1.A__1.B_1.C,1.B
7sgj__1__1.A__1.B_1.E,1.B
7sgk__1__1.A__1.B_1.C,1.B
7sh0__1__1.A__1.C_1.D_1.H,1.D
7sh1__1__1.A__1.C_1.J,1.C
7shh__1__1.A__1.E,1.E
7si4__1__1.A__1.B,1.B
7si5__1__1.A__1.D,1.D
7sia__1__1.A_1.B__1.C,1.C
7siu__1__1.A__1.C,1.C
7sj2__1__1.A__1.K_1.M,1.M
7slr__1__1.A_1.B__1.C,1.C
7sls__1__1.A_1.B__1.C,1.C
7slz__1__1.A__1.B,1.B
7snz__1__1.A_1.B__1.C,1.C
7so1__1__1.A_1.B__1.C,1.C
7sok__1__1.A__1.E,1.E
7spy__1__1.A_2.A__2.B_2.C,2.B
7sqe__1__1.A__1.D,1.D
7sqm__1__1.A__1.B,1.B
7ssj__1__1.A__1.G_1.H,1.G
7suf__1__1.A__1.B_1.D,1.B
7sv1__1__1.A__1.C_1.D,1.D
7sv5__1__1.A__1.C_1.D,1.D
7sxg__1__1.A__1.C,1.C
7sxj__1__1.A__1.C,1.C
7sz3__1__1.B__1.I,1.I
7sza__1__1.A__1.E,1.E
7szb__1__1.A__1.E,1.E
7szc__1__1.A__1.F,1.F
7szp__1__1.A_1.B__1.E_1.J,1.E
7szr__1__1.A__1.G,1.G
7t0a__1__1.A_1.B__1.BA_1.CA_1.GA_1.HA,1.GA
7t0c__1__1.A_1.B__1.VA,1.VA
7t0f__1__1.A_1.B__1.C,1.C
7t1d__1__1.A_1.B__1.G_1.I,1.I
7t39__1__1.A__1.B,1.B
7t4t__1__1.A__1.C_1.E,1.C
7t5k__1__1.A__1.D,1.D
7t5x__1__1.A_1.C__1.I,1.I
7t5y__1__1.B__1.G,1.G
7t5z__1__1.A_1.C__1.I,1.I
7t60__1__1.B_1.C__1.M,1.M
7t61__1__1.B_1.C__1.L,1.L
7t6c__1__1.A__1.E,1.E
7t7m__1__1.A__1.I,1.I
7t9r__1__1.A__1.F,1.F
7tab__1__1.A__1.B,1.B
7taz__1__1.A__1.C,1.C
7tba__1__1.A__1.U_1.V_1.W,1.U
7tbc__1__1.A__1.B_1.J_1.L_1.S,1.S
7tbd__1__1.A__1.E,1.E
7tbu__1__1.A__1.D,1.D
7td8__1__1.A_1.B__1.AA_1.W,1.AA
7te8__1__1.A_1.B__1.E,1.E
7tem__1__1.A__1.C_1.G,1.C
7tev__1__1.A_2.A__2.D,2.D
7tgk__1__1.A__1.Q_1.R_1.S,1.Q
7tgl__1__1.B__1.R_1.S_1.U_1.W_1.X,1.S
7tjo__1__1.A__1.E,1.E
7tm5__1__1.A__1.C_1.D_1.E,1.C
7tmf__1__1.A_1.B__1.J_1.P,1.J
7tmz__1__1.A_1.B__1.V_1.Z,1.Z
7toc__1__1.A_1.B__1.C_1.D_1.G_1.L,1.C
7tt8__1__1.A__1.C,1.C
7ttp__1__1.A__1.B_1.C,1.B
7tuo__1__1.A__1.B,1.B
7twu__1__1.B__1.N,1.N
7twz__1__1.A__1.G_1.K,1.G
7txh__1__1.A__1.G_1.H_1.I,1.G
7txk__1__1.A__1.C,1.C
7txp__1__1.A_2.A__2.B,2.B
7tz7__1__1.A__1.C,1.C
7tzb__1__1.A__1.C,1.C
7u0t__1__1.A_1.B__1.H,1.H
7u1m__1__1.A__1.D,1.D
7u1u__1__1.A_2.A__1.B_1.D,1.D
7u2p__1__1.A_1.B__1.C_1.D,1.C
7u2z__1__1.A__1.C,1.C
7u30__1__1.A__1.I,1.I
7u31__1__1.A__1.D,1.D
7u3m__1__1.A__1.B_1.C,1.B
7u4g__1__4.A__4.E,4.E
7u4o__1__1.A__1.G,1.G
7u59__1__1.A__1.E_1.F,1.E
7u5z__1__1.A_1.B__1.C,1.C
7u64__1__1.A_1.B__1.S,1.S
7u6a__1__1.A__1.B_1.F,1.B
7u6b__1__1.A__1.B_1.E,1.B
7u70__1__1.A__1.C,1.C
7u8v__1__1.A__1.C,1.C
7u8w__1__1.A__1.C,1.C
7u8x__1__1.A__1.B,1.B
7u8z__1__1.A__1.F_1.G,1.F
7u91__1__1.A__1.C_1.D,1.C
7u98__1__1.A__1.E,1.E
7u99__1__1.A__1.B,1.B
7u9a__1__1.A__1.B,1.B
7u9u__1__2.A__2.C_2.D,2.C
7u9v__1__1.A_1.B__1.U_1.Y,1.Y
7uad__1__1.A__1.B,1.B
7uas__1__1.A__1.C,1.C
7uaw__1__1.A_1.B__1.C,1.C
7ubo__1__1.A__1.E,1.E
7ubr__1__1.A_1.B__1.AA_1.V_1.Z,1.Z
7ucy__1__1.A_1.B__1.U_1.Y,1.Y
7udg__1__1.A_1.B__1.U_1.X,1.X
7udh__1__1.A_1.B__1.U_1.Y,1.Y
7udq__1__1.A__1.C,1.C
7ue0__1__1.A_1.B__1.U_1.Y,1.Y
7ue4__1__1.A_2.A__2.F,2.F
7ue8__1__1.A_2.A__2.D,2.D
7ueo__1__1.A_2.A__2.B_2.C_2.E,2.C
7ueo__1__1.A_2.A__2.D,2.D
7ueu__1__1.A_2.A__2.B,2.B
7ueu__1__1.A_2.A__2.C_2.D_2.E,2.C
7uf0__1__1.A_2.A__1.B,1.B
7ug5__1__1.A__1.E,1.E
7ugb__1__1.A__1.C,1.C
7ugl__1__1.A__1.C,1.C
7ugl__1__1.A__1.D,1.D
7uh8__1__1.A_1.B__1.U_1.Y,1.Y
7uj4__1__1.A__1.C_1.D,1.C
7uj7__1__1.A__1.E,1.E
7uj8__1__1.A__1.C,1.C
7ujc__1__1.B__1.D,1.D
7uje__1__1.A_1.B__1.AA_1.W,1.AA
7ujf__1__1.A__1.E,1.E
7ujh__1__1.A_1.B__1.D,1.D
7ujk__1__1.A_1.B__1.V_1.Z,1.Z
7ujo__1__1.D__1.H,1.H
7ujy__1__1.B__1.F,1.F
7uk7__1__1.A__1.B_1.C_1.D_1.F,1.B
7uko__1__1.A_1.B__1.U_1.Y,1.Y
7ukp__1__1.A_1.B__1.S_1.V,1.V
7ukr__1__1.A__1.C,1.C
7ukt__1__1.A_1.B__1.U_1.Y,1.Y
7um4__1__1.A__1.I,1.I
7umo__1__1.A__1.G_1.I,1.G
7un0__1__1.A__1.G,1.G
7uor__1__1.A__1.G_1.H,1.G
7uoy__1__1.A__1.C_1.D_1.F,1.F
7uq1__1__1.A__1.B_1.D,1.B
7ur3__1__1.A__1.B,1.B
7ur9__1__1.A_1.B__1.D,1.D
7usg__1__1.A__1.B,1.B
7ush__1__1.A__1.B,1.B
7usi__1__1.A__1.G,1.G
7ut5__1__1.A__1.C,1.C
7utc__1__1.C_1.D__1.LA_1.MA_1.PA,1.MA
7uw2__1__1.A__1.C,1.C
7uw4__1__1.A__1.C,1.C
7uwp__1__1.A__1.C_1.D,1.C
7uy0__1__1.A__1.E,1.E
7v04__1__1.A__1.B_1.C_1.D,1.D
7v13__1__1.A__1.C,1.C
7v16__1__1.A__1.C,1.C
7v17__1__1.A__1.C,1.C
7v18__1__1.A__1.C,1.C
7v1o__1__1.A__1.D,1.D
7v1q__1__1.E__1.AA_1.BA,1.BA
7v3d__1__1.A_1.B__1.F,1.F
7v3s__1__1.A__1.B,1.B
7v41__1__1.A__1.B_1.C,1.C
7v62__1__1.C__1.M,1.M
7v6x__1__1.A__1.B_1.C,1.C
7va2__1__1.A__1.D_1.E,1.E
7vb3__1__1.A_1.B__1.R_1.T_1.U,1.R
7vbt__1__1.B__1.D,1.D
7vbv__1__1.B__1.N,1.N
7vdp__1__1.A__1.E_1.F,1.E
7vdq__1__1.A__1.E,1.E
7vdr__1__1.A__1.E_1.F_1.N,1.E
7vds__1__1.A__1.E,1.E
7vem__1__1.A_1.B__1.C_1.D,1.C
7vez__1__1.A_1.D__1.E,1.E
7vf6__1__1.B__1.H_1.J,1.J
7vhy__1__1.A__1.F,1.F
7vhz__1__1.A__1.F,1.F
7vi0__1__1.A__1.F,1.F
7vi7__1__1.A__1.C,1.C
7vjt__1__1.A__1.C,1.C
7vkg__1__1.A__1.B,1.B
7vkh__1__1.A__1.C,1.C
7vl0__1__1.A__1.C,1.C
7vl2__1__1.A__1.C,1.C
7vl3__1__1.A__1.C,1.C
7vl6__1__1.A__1.C,1.C
7vl7__1__1.A__1.C,1.C
7vm0__1__1.A__1.C_1.D,1.C
7vm7__1__1.A__1.B,1.B
7vmy__1__1.A__1.C_1.D_1.E,1.D
7vnh__1__1.A__1.C,1.C
7vns__1__1.A_2.A__2.C,2.C
7vo5__1__1.A__1.B,1.B
7vpe__1__1.A__1.B,1.B
7vpr__1__1.B__1.F,1.F
7vpu__1__1.A__1.E,1.E
7vqp__1__1.A__1.C,1.C
7vre__1__1.A__1.B,1.B
7vrh__1__1.A__1.D,1.D
7vsl__1__1.A__1.D,1.D
7vte__1__1.A__1.F,1.F
7vtf__1__1.A_1.B__1.F,1.F
7vtg__1__1.A__1.E,1.E
7vve__1__1.A__1.D_1.H,1.D
7vvt__1__1.A__1.C,1.C
7vwe__1__1.A__1.D,1.D
7vwg__1__1.A__1.D,1.D
7vwh__1__1.B__1.F,1.F
7vwt__1__1.B__1.H,1.H
7vx0__1__1.A__1.C_1.D,1.C
7vyj__1__1.B__1.DA_1.T_1.U,1.U
7w0g__1__1.B__1.D,1.D
7w1i__1__1.A__1.B,1.B
7w2d__1__1.B__1.R,1.R
7w2f__1__1.A__1.M,1.M
7w3p__1__1.A__1.C,1.C
7w3s__1__1.B_1.D__1.F,1.F
7w41__1__1.A__1.B,1.B
7w4x__1__1.A__1.C_1.D_1.E,1.E
7w4y__1__1.A__1.E,1.E
7w5h__1__1.A__1.C_1.F,1.C
7w6f__1__1.A_1.B__1.C,1.C
7w6z__1__1.A__1.B_1.C,1.C
7w78__1__1.A_2.A_2.B__2.C_2.D,2.D
7w79__1__1.A_1.B_2.A__1.C_1.F_1.G,1.C
7w9z__1__1.B__1.F_1.G,1.F
7wbs__1__1.A_1.B__1.D,1.D
7wc6__1__1.A__1.F,1.F
7wc7__1__1.A__1.M,1.M
7wc8__1__1.A__1.H,1.H
7wcf__1__1.A__1.B_1.C_1.D,1.B
7wcl__1__1.A__1.C,1.C
7wdt__1__1.A__1.B,1.B
7wdt__1__1.A__1.C,1.C
7wdu__1__1.A__1.C,1.C
7wew__1__1.A__1.K,1.K
7wf5__1__1.A__1.C,1.C
7wgl__1__1.A__1.D,1.D
7wgn__1__1.A__1.B,1.B
7wgo__1__1.A__1.C,1.C
7wgq__1__1.A__1.C,1.C
7wjs__1__1.A__1.D_1.G,1.D
7wlw__1__1.A__1.I,1.I
7wlx__1__1.A__1.C,1.C
7wmf__1__1.A__1.C_1.E,1.C
7wmh__1__1.A__1.C,1.C
7wmi__1__1.B__1.F_1.G,1.G
7wmj__1__1.A__1.C,1.C
7wmk__1__1.A__1.B_1.G,1.B
7wmo__1__1.A__1.C,1.C
7wqq__1__1.A__1.C,1.C
7wrg__1__1.A__1.C_1.D,1.C
7wrr__1__1.A_1.B__1.E_1.F_1.H,1.E
7wua__1__1.A__1.E_1.F_1.G,1.E
7wux__1__1.A_1.D__1.J,1.J
7x0b__1__1.A__1.C_1.E_1.N,1.E
7x11__1__1.D__1.P,1.P
7x2x__1__1.A__1.E_1.N,1.E
7x4u__1__1.A__1.B,1.B
7x5r__1__2.A__2.B_2.C_2.D,2.C
7x5w__1__2.A__2.B_2.C,2.C
7x5y__1__2.A__2.B_2.C_2.E,2.C
7x62__1__1.A__1.B_1.C_1.D,1.C
7x69__1__1.A__1.B_1.C,1.C
7x7x__1__1.A__1.C,1.C
7x81__1__1.A_1.B__1.D,1.D
7x86__1__1.A_1.C__1.G,1.G
7x9d__1__1.A__1.E,1.E
7x9l__1__1.A__1.C_1.E_1.F,1.C
7xaa__1__1.A__1.C_1.D_1.E,1.E
7xbb__1__1.A__1.C_1.D_1.E,1.E
7xbm__1__1.A__1.C_1.G,1.C
7xbt__1__1.A__1.B_1.C,1.B
7xbv__1__1.A__1.B,1.B
7xdv__1__1.A__1.C_1.D,1.C
7xdy__1__1.A__1.C_1.D,1.C
7xef__1__1.A__1.E,1.E
7xej__1__1.A_2.A__1.B,1.B
7xek__1__1.A_2.A__1.B,1.B
7xen__1__1.A_2.A__2.B,2.B
7xep__1__1.A_2.A__1.E,1.E
7xeq__1__1.A_2.A__2.D,2.D
7xes__1__1.A_2.A__2.D,2.D
7xet__1__1.A_2.A__1.B,1.B
7xf7__1__1.A__1.B,1.B
7xh6__1__1.A__1.E,1.E
7xhh__1__1.B__1.D,1.D
7xhq__1__1.A__1.C,1.C
7xhy__1__1.A__1.B_1.G,1.B
7xi7__1__1.A__1.B,1.B
7xih__1__2.A__2.C_2.D,2.C
7xis__1__1.A__1.B_1.C_1.D,1.D
7xj7__1__1.A__1.B_1.C_1.F,1.F
7xjv__1__1.A__1.E_1.F_1.G_1.H_1.I,1.F
7xk9__1__1.A__1.C,1.C
7xka__1__1.A__1.C,1.C
7xlp__1__1.A__1.B,1.B
7xm7__1__1.A__1.E,1.E
7xmk__1__1.A__1.D,1.D
7xnc__1__1.A__1.B,1.B
7xnt__1__1.C__1.I_1.J,1.J
7xoz__1__1.B__1.F,1.F
7xpo__1__1.B__1.H,1.H
7xpt__1__2.A__2.C_2.D,2.C
7xpu__1__2.A__2.C_2.D,2.C
7xpv__1__1.A__1.C_1.D,1.C
7xqv__1__1.A__1.D_1.E,1.D
7xqz__1__1.A__1.B_1.C_1.D,1.B
7xr7__1__1.A__1.B_1.C_1.D,1.B
7xrr__1__1.A__1.B,1.B
7xsv__1__1.A__1.B,1.B
7xua__1__1.B__1.N,1.N
7xub__1__1.A__1.H,1.H
7xuc__1__1.A__1.H,1.H
7xvh__1__2.A__2.B_2.C,2.C
7xvu__1__4.A__4.C,4.C
7xvv__1__3.A__3.C,3.C
7xvw__1__2.A__2.C,2.C
7xxc__1__1.A_1.B_1.D__1.M,1.M
7xxd__1__1.B__1.K_1.L,1.K
7xxm__1__1.A_1.B_1.C__1.K,1.K
7xxn__1__2.A__2.B_2.C,2.B
7xxp__1__1.A_1.B_1.C__1.K,1.K
7xyj__1__1.A_1.B__1.E_1.F,1.E
7xzr__1__1.A_1.C__1.E_1.F,1.E
7y0f__1__1.B__1.G,1.G
7y4a__1__1.A__1.I_1.J_1.K,1.K
7y4g__1__2.A__2.D,2.D
7y4u__1__1.A__1.B,1.B
7y88__1__1.A__1.B_1.C_1.D,1.B
7y9o__1__1.A__1.B_1.C,1.B
7ya4__1__1.A__1.E_1.F,1.E
7yd2__1__1.A_1.B__1.K,1.K
7ydx__1__2.B__2.H,2.H
7yh9__1__1.A__1.G_1.H_1.I,1.I
7yhb__1__1.A__1.C_1.D_1.E,1.E
7yhc__1__1.A__1.I_1.J_1.K,1.K
7yj9__1__1.A_2.A__2.B,2.B
7yja__1__1.A_1.B__1.E,1.E
7yjb__1__1.A_2.A__2.B,2.B
7yop__1__1.A_1.B__1.E,1.E
7yoq__1__1.B__1.D,1.D
7yp5__1__1.B__1.J_1.K,1.J
7yp6__1__1.A__1.D_1.E_1.L,1.D
7ypu__1__1.A_1.B__1.I,1.I
7ypv__1__1.A_1.B__1.J,1.J
7yqf__1__1.B__1.J_1.K,1.J
7ys8__1__1.B__1.E_1.F,1.E
7ysx__1__1.B__1.J,1.J
7yv4__1__1.A__1.B,1.B
7yxd__1__1.A__1.I,1.I
7yxe__1__1.A__1.C,1.C
7yxl__1__1.A__1.C_1.E,1.E
7yzq__1__1.C__1.O_1.P_1.Q,1.O
7yzs__1__1.A__1.B,1.B
7yzu__1__1.A__1.B,1.B
7z1g__1__1.A__1.B_1.D,1.B
7z1r__1__1.A_2.A__1.B,1.B
7z1v__1__1.A__1.C,1.C
7z1w__1__1.A__1.C,1.C
7z2q__1__1.A__1.C,1.C
7z39__1__1.A__1.C,1.C
7z3y__1__1.A__1.D,1.D
7z41__1__1.A__1.C,1.C
7z5b__1__1.A__1.D,1.D
7z5n__1__1.A__1.I_1.L_1.M,1.I
7z5r__1__1.A__1.D,1.D
7z5u__1__1.A__1.B_1.C,1.C
7z5x__1__1.A__1.C,1.C
7z62__1__2.A_2.B__2.C_2.D,2.D
7z63__1__1.A__1.E_1.F,1.F
7z6z__1__1.A__1.H_1.I_1.J_1.O_1.Y,1.H
7z70__1__1.A__1.C_1.E_1.L,1.C
7z74__1__1.A__1.B_1.C,1.B
7z78__1__1.A__1.D,1.D
7z9t__1__1.A__1.C,1.C
7za0__1__1.A__1.B,1.B
7zaa__1__1.A__1.C,1.C
7zbv__1__1.A__1.B_1.E,1.E
7zcl__1__1.A__1.C_1.D,1.C
7zeg__1__1.A__1.C,1.C
7zer__1__1.A__1.B_1.C,1.B
7zfv__1__1.A__1.C,1.C
7zg9__1__1.A__1.C,1.C
7zgb__1__1.A__1.B,1.B
7zgc__1__1.A__1.B,1.B
7zgd__1__1.A__1.B,1.B
7zhf__1__1.A_2.A__1.B_1.C,1.B
7zi0__1__1.A__1.C,1.C
7zif__1__1.A__1.B_1.C,1.C
7zig__1__1.A__1.B_1.C,1.B
7zih__1__1.A__1.B_1.C,1.C
7zii__1__1.A__1.B_1.C,1.C
7zij__1__1.A__1.B_1.C,1.B
7zik__1__1.A__1.D,1.D
7ziy__1__1.A__1.C,1.C
7zj0__1__1.A__1.C,1.C
7zjp__1__1.A__1.C,1.C
7zjq__1__1.A__1.E,1.E
7zks__1__1.A__1.B,1.B
7zkw__1__1.A_1.C__1.E,1.E
7zkx__1__1.A__1.B_1.L,1.B
7zl5__1__1.A__1.C_1.D_1.E,1.E
7znw__1__1.B__1.E_1.F,1.E
7zo2__1__2.A__2.B_2.C_2.F,2.F
7zo3__1__2.A__2.B_2.C_2.G,2.G
7zo4__1__1.A__1.B_1.C_1.G,1.G
7zp7__1__1.A__1.C,1.C
7zq3__1__2.A_2.B__2.C_2.D,2.C
7zqk__1__1.A_1.B__1.C_1.D,1.C
7zsm__1__1.A_2.A__1.B,1.B
7zso__1__1.A_1.C__1.S,1.S
7zsq__1__1.B_1.C__1.G_1.I,1.G
7zst__1__1.B_1.C__1.H,1.H
7zwb__1__1.A__1.D,1.D
7zxw__1__1.A__1.C_1.D_1.G,1.D
7zxz__1__2.A_2.B__2.E,2.E
7zym__1__1.A__1.B,1.B
7zyn__1__1.A__1.B,1.B
7zz7__1__1.A_4.A__4.C,4.C
7zzc__1__1.A_4.A__4.D,4.D
7zzf__1__2.A_3.A__3.C,3.C
7zzg__1__2.A_3.A__2.C,2.C
7zzt__1__1.A__1.D_1.J,1.J
7zzu__1__1.A__1.M_1.P,1.P
7zzw__1__1.A__1.E_1.M,1.M
7zzw__1__1.A__1.I_1.L,1.L
8a0b__1__1.A__1.D_1.H,1.H
8a0t__1__1.A__1.C,1.C
8a12__1__1.A__1.D_1.G,1.D
8a2p__1__1.A__1.B,1.B
8a34__1__1.A__1.C_1.D,1.C
8a3a__1__1.A__1.B,1.B
8a4a__1__1.B__1.C_1.D,1.C
8a4q__1__1.A_2.A__1.B,1.B
8a4u__1__1.A__1.E_1.J,1.E
8a56__1__1.A_1.B__1.I,1.I
8a66__1__1.A__1.C,1.C
8a70__1__1.A_1.B__1.D_1.E_1.F_1.G,1.G
8a7a__1__1.A_1.B__1.C_1.E_1.F_1.G,1.G
8a7i__1__1.A__1.C,1.C
8a8t__1__2.A__2.B_2.C,2.B
8a9i__1__1.A__1.B,1.B
8a9v__1__2.A_3.A__3.C,3.C
8ab3__1__1.A_1.B_1.C_1.D__1.L,1.L
8abu__1__1.A__1.D,1.D
8acm__1__1.A__1.E,1.E
8ad7__1__1.A__1.J,1.J
8adf__1__1.B__1.D,1.D
8adj__1__1.A__1.D,1.D
8aev__1__1.A__1.G,1.G
8ai1__1__1.B__1.M_1.O,1.O
8ai3__1__1.A__1.C_1.E,1.E
8ai7__1__1.A__1.Q,1.Q
8aij__1__1.C_1.D__1.O_1.P_1.Q,1.Q
8ajk__1__1.A_1.B__1.D_1.E,1.D
8ajv__1__1.B_1.C__1.N_1.S,1.N
8ak3__1__1.A__1.B_1.C,1.B
8ak6__1__1.A__1.E_1.F_1.H,1.E
8akg__1__1.A__1.F_1.O,1.O
8am2__1__1.A__1.D,1.D
8aop__1__1.A__1.E,1.E
8aoz__1__2.A__2.B_2.C_2.D,2.C
8apt__1__1.A_2.A__1.B,1.B
8apu__1__1.A_2.A__1.B,1.B
8apw__1__1.A_2.A__2.C,2.C
8aqf__1__1.A__1.B,1.B
8aqj__1__1.A_3.A__3.B,3.B
8arj__1__1.A__1.B,1.B
8ase__1__1.B__1.F_1.G,1.F
8asf__1__1.B__1.E,1.E
8atb__1__1.A__1.C,1.C
8atl__1__1.A__1.C,1.C
8av1__1__1.B__1.J_1.M,1.M
8avq__1__1.A__1.H_1.O_1.R,1.H
8aw1__1__1.A__1.C,1.C
8aw7__1__1.A__1.B_1.C,1.C
8ax0__1__1.B__1.H,1.H
8axp__1__1.A__1.C,1.C
8ay6__1__1.A_1.B__1.C,1.C
8ay8__1__1.A_1.B__1.D,1.D
8aya__1__1.A_1.B__1.C,1.C
8azd__1__1.A__1.C,1.C
8azi__1__1.A__1.C,1.C
8azl__1__1.A__1.C,1.C
8azm__1__1.A__1.C,1.C
8azo__1__1.A__1.C,1.C
8azp__1__1.A__1.C,1.C
8b08__1__1.B__1.E,1.E
8b1n__1__1.A_1.B__1.C_1.Q,1.Q
8b1v__1__1.A_1.B__1.E,1.E
8b25__1__1.A_1.B__1.J,1.J
8b35__1__1.A_1.B__1.E,1.E
8b5s__1__1.B__1.D,1.D
8b62__1__1.A__1.C,1.C
8b6m__1__1.A_1.B__1.E,1.E
8b72__1__1.A_1.B__1.F_1.G,1.F
8b75__1__1.A__1.B,1.B
8b80__1__1.A__1.F_1.G,1.F
8b8h__1__1.A_1.B__1.H_1.K,1.H
8b8x__1__1.A_1.C__1.E,1.E
8b8z__1__1.A__1.E,1.E
8b91__1__1.A__1.E,1.E
8b9h__1__1.A__1.B,1.B
8b9u__1__1.A_1.B__1.C_1.H,1.C
8bab__1__1.A__1.H_1.I,1.I
8baj__1__1.A__1.B,1.B
8bcy__1__1.A__1.C,1.C
8bdm__1__1.C__1.M,1.M
8bgc__1__1.A__1.F,1.F
8bgt__1__1.A_2.A__2.D,2.D
8bgz__1__1.A_1.B__1.F,1.F
8bh0__1__1.A_1.D__1.J,1.J
8bhg__1__1.B_1.C__1.K,1.K
8bi6__1__1.A__1.D,1.D
8bid__1__1.C_2.A__2.F_2.G,2.F
8bih__1__1.A_1.L__1.N,1.N
8biq__1__1.C__1.G,1.G
8bir__1__1.A_1.B__1.D,1.D
8bj3__1__1.A_1.B__1.C,1.C
8bj8__1__1.A__1.C_1.D,1.C
8bjd__1__1.A__1.B,1.B
8bji__1__1.A_1.B__1.C_1.D,1.C
8bjt__1__1.A__1.C,1.C
8bju__1__1.A__1.B,1.B
8bk0__1__1.A__1.H,1.H
8bkn__1__1.A__1.B_1.E,1.B
8blt__1__1.A_1.B__1.I,1.I
8blz__1__1.A__1.B_1.D,1.B
8bnx__1__1.A__1.C,1.C
8bo3__1__1.A__1.B,1.B
8bo4__1__1.A__1.C,1.C
8boc__1__1.A__1.B,1.B
8bok__1__1.A__1.B,1.B
8bq4__1__1.B__1.D,1.D
8br1__1__1.C__1.K_1.L_1.M,1.K
8br5__1__1.A__1.E,1.E
8br6__1__1.A__1.C,1.C
8bsg__1__1.A__1.B,1.B
8bsl__1__1.C_1.D__1.F,1.F
8bst__1__1.A__1.R,1.R
8bt0__1__1.A__1.M,1.M
8bt2__1__1.A__1.M,1.M
8bv3__1__1.B_1.C__1.I_1.L,1.I
8bvx__1__1.A__1.D_1.F,1.D
8bxx__1__1.A__1.E_1.F,1.E
8bz6__1__1.A__1.G_1.I,1.G
8bz7__1__1.D__1.U_1.V,1.U
8bzx__1__1.A_1.B__1.E_1.F,1.E
8c08__1__1.A__1.C_1.D,1.C
8c0q__1__1.A__1.B_1.C,1.C
8c0r__1__1.A__1.B_1.C,1.C
8c1m__1__1.A__1.C,1.C
8c3g__1__1.C__1.AA,1.AA
8c3i__1__1.B__1.D,1.D
8c3n__1__1.A__1.C_1.D,1.C
8c3r__1__1.A__1.C,1.C
8c3u__1__1.A__1.C,1.C
8c47__1__1.B__1.E_1.F,1.E
8c6f__1__1.A__1.B_1.C,1.B
8c6l__1__1.A__1.C,1.C
8c6n__1__1.A__1.B,1.B
8c6o__1__1.A__1.C,1.C
8c6p__1__1.A__1.B,1.B
8c6q__1__1.A__1.C,1.C
8c6s__1__1.A__1.C,1.C
8c6z__1__1.A__1.C_1.E,1.E
8c70__1__1.A__1.B,1.B
8c71__1__1.A__1.C,1.C
8c74__1__1.A__1.C,1.C
8c9d__1__1.A__1.D,1.D
8c9e__1__1.A__1.C,1.C
8c9s__1__1.B__1.F_1.G,1.G
8caa__1__1.B__1.F,1.F
8cav__1__1.A__1.G_1.H,1.G
8cbh__1__1.A__1.C,1.C
8cbr__1__1.A_1.B_1.D__1.E,1.E
8cbs__1__1.B_1.C_1.D__1.L,1.L
8cbu__1__1.A_1.B_1.D__1.M,1.M
8ccj__1__1.A_2.A__1.B_1.J,1.B
8cdw__1__1.B__1.D,1.D
8cdx__1__1.A__1.C_1.D,1.D
8cdz__1__1.A__1.C_1.D_1.E,1.E
8ce3__1__1.A_1.B__1.E,1.E
8ceq__1__1.A__1.C,1.C
8ces__1__1.A__1.C,1.C
8cev__1__1.A__1.C,1.C
8cex__1__1.A__1.D,1.D
8cey__1__1.A__1.D,1.D
8cfb__1__1.A__1.L,1.L
8cfk__1__1.A_1.D__1.H_1.I,1.H
8cg0__1__1.D__1.IA,1.IA
8ch9__1__1.G__1.BB,1.BB
8chc__1__1.A__1.B,1.B
8chk__1__1.A__1.D,1.D
8chl__1__1.A__1.C_1.E,1.C
8ci0__1__1.A_1.B__1.D_1.E,1.E
8cij__1__1.A__1.B,1.B
8cje__1__1.A__1.F,1.F
8cjg__1__1.A__1.D,1.D
8cji__1__1.A__1.B_1.C,1.C
8cjj__1__1.A__1.B_1.C,1.C
8cjk__1__1.A__1.B_1.C,1.C
8cjo__1__1.A__1.B_1.C,1.C
8cju__1__1.A__1.B,1.B
8ck5__1__1.A__1.D,1.D
8ck9__1__1.A__1.B_1.C,1.B
8ckc__1__2.A__2.D,2.D
8ckh__1__1.A_1.B__1.D,1.D
8ckn__1__1.A__1.B_1.C,1.B
8clq__1__1.A__1.E,1.E
8cnh__1__1.A__1.B_1.L,1.B
8cnt__1__1.A__1.B_1.C,1.C
8con__1__1.A_2.A__2.D_2.J,2.D
8cou__1__1.A__1.V,1.V
8cov__1__1.A__1.D,1.D
8cp4__1__2.A__2.H_2.I,2.I
8cp7__1__1.A__1.B,1.B
8cp9__1__1.A__1.C_1.D,1.C
8cpb__1__1.B__1.H,1.H
8cqv__1__1.A_1.B__1.K_1.P,1.K
8crj__1__1.A__1.B,1.B
8crl__1__1.A__1.C,1.C
8cta__1__1.A_1.B_1.D__1.Q,1.Q
8cu7__1__1.A__1.C,1.C
8cvc__1__1.A__1.C_1.J_1.O_1.P,1.J
8cvd__1__1.A__1.B_1.K_1.L,1.K
8cvf__1__1.A__1.D_1.E_1.F_1.G,1.D
8cyu__1__1.A_1.B__1.F,1.F
8cyz__1__1.A_1.C__1.E,1.E
8cz7__1__1.A_1.C__1.E,1.E
8czl__1__1.A__1.C_1.D,1.D
8d0e__1__1.B__1.D,1.D
8d0f__1__1.A_1.B__1.D,1.D
8d19__1__1.A__1.C_1.D,1.D
8d5b__1__1.A__1.B_1.G_1.H,1.B
8d6c__1__1.A__1.F,1.F
8d6e__1__1.A__1.D,1.D
8d6f__1__1.A__1.D,1.D
8d6m__1__1.A__1.C,1.C
8d6t__1__1.A__1.C,1.C
8d8p__1__1.A__1.C_1.D,1.C
8d9b__1__1.A__1.C_1.D,1.C
8d9c__1__1.A__1.C_1.D,1.C
8db0__1__1.A__1.E,1.E
8dcd__1__1.A__1.E_1.Q_1.R,1.E
8ddb__1__1.A__1.B_1.C_1.E,1.E
8deg__1__1.A__1.B,1.B
8dhw__1__1.B_2.B__2.I,2.I
8dil__1__1.A_1.B__1.K_1.L_1.M,1.L
8dj6__1__1.C__1.F_1.O,1.F
8djv__1__1.A__1.B_1.C_1.D,1.D
8dk4__1__1.A__1.C,1.C
8dkt__1__1.A_1.B__1.D_1.E,1.D
8dml__1__1.B__1.J,1.J
8dmt__1__1.A__1.E,1.E
8dmu__1__1.A__1.E_1.H,1.E
8doc__1__2.A__2.B_2.D_2.E,2.E
8dos__1__1.A_1.B__1.C_1.G,1.C
8dpb__1__1.A_1.B__1.I_1.J,1.I
8dqd__1__1.A__1.B,1.B
8dqh__1__1.B__1.J_1.K_1.L,1.J
8dqs__1__1.A__1.B_1.C_1.D,1.D
8dsc__1__1.B__1.L,1.L
8dsh__1__1.A_1.B__1.C,1.C
8dsm__1__1.A_1.B__1.J,1.J
8dsr__1__1.A__1.C,1.C
8dt1__1__1.B__1.J_1.K,1.J
8dt5__1__1.B__1.I_1.M_1.O,1.O
8du3__1__1.A__1.B,1.B
8du6__1__1.B__1.D,1.D
8du8__1__1.A__1.C,1.C
8du9__1__1.B__1.D,1.D
8dub__1__1.A__1.C,1.C
8duh__1__1.A__1.C,1.C
8dui__1__1.A__1.C,1.C
8duk__1__1.A__1.E,1.E
8dv7__1__1.B__1.D,1.D
8dv8__1__1.A__1.C,1.C
8dvh__1__1.A__1.C_1.D,1.C
8dvo__1__1.A__1.B_1.C_1.D,1.D
8dxk__1__1.A_1.B__1.C,1.C
8e0h__1__1.A__1.C,1.C
8e0t__1__1.C__1.F,1.F
8e1h__1__1.A__1.C_1.E_1.F,1.C
8e1o__1__1.A__1.D,1.D
8e1t__1__1.A__1.C_1.E,1.C
8e1t__1__1.A__1.D,1.D
8e1x__1__1.A__1.C,1.C
8e4s__1__1.A__1.B_1.C_1.D,1.D
8e5i__1__1.A__1.B_1.E,1.B
8e5m__1__1.A_1.E__1.U,1.U
8e80__1__1.A__1.B,1.B
8e81__1__1.A__1.B,1.B
8e9r__1__1.A_1.B__1.E_1.F,1.F
8ea6__1__1.A_1.B__1.C,1.C
8efj__1__1.A__1.D,1.D
8egf__1__1.A__1.B_1.C,1.B
8egz__1__1.B__1.I,1.I
8eip__1__1.C__1.K_1.L,1.K
8emu__1__1.A__1.E,1.E
8eni__1__2.A__2.B,2.B
8eq9__1__1.A__1.B,1.B
8eqz__1__1.A__1.C,1.C
8erb__1__1.A_1.C__1.Q,1.Q
8erd__1__1.A__1.B,1.B
8erj__1__1.A_2.C__1.I,1.I
8et0__1__1.B__1.L,1.L
8etd__1__1.B__1.E_1.F,1.F
8etl__1__1.A__1.C,1.C
8euk__1__1.A__1.B_1.M,1.B
8ewz__1__1.A__1.B_1.C_1.H,1.B
8ex1__1__1.A__1.B,1.B
8ex2__1__1.A__1.B,1.B
8ex3__1__1.A__1.B_1.C,1.C
8exl__1__1.A__1.B,1.B
8exu__1__1.A__1.B,1.B
8ez1__1__1.A_1.B__1.D,1.D
8f1g__1__1.A__1.C,1.C
8f1z__1__1.A__1.B,1.B
8f4q__1__1.A__1.F,1.F
8f4s__1__1.A__1.D_1.E,1.D
8f5v__1__1.A_1.B__1.C_1.D,1.C
8f71__1__1.B__1.E_1.F,1.E
8f73__1__1.A__1.I_1.K,1.I
8f8e__1__1.A__1.C,1.C
8f8k__1__1.A__1.F_1.G_1.I_1.J_1.K,1.F
8f8l__1__1.A__1.B_1.D_1.E,1.B
8f8m__1__1.A__1.C,1.C
8fb1__1__1.A__1.C,1.C
8fb1__1__1.A__1.D,1.D
8fcd__1__1.A_1.B__1.C,1.C
8fe6__1__1.A__1.I,1.I
8fe8__1__1.A_1.B__1.C,1.C
8fe9__1__1.A__1.B,1.B
8fgz__1__1.A__1.B,1.B
8fh4__1__1.A__1.E,1.E
8fjz__1__1.C__1.I,1.I
8fko__1__1.C__1.I,1.I
8fly__1__1.A__1.K,1.K
8flz__1__1.A__1.K,1.K
8fm0__1__1.A__1.K,1.K
8fm2__1__1.A__1.K,1.K
8fm3__1__1.A__1.K,1.K
8fm4__1__1.A__1.K,1.K
8fm5__1__1.A__1.K,1.K
8fm7__1__1.A__1.K,1.K
8fm8__1__1.A__1.K,1.K
8fmf__1__1.C_1.D__1.R_1.X,1.R
8fo5__1__1.A_1.B__1.E,1.E
8fp1__1__1.A__1.B,1.B
8fp5__1__1.A__1.C_1.D,1.C
8fqx__1__1.A__1.B_1.C,1.C
8fsi__1__1.A__1.B_1.C_1.D_1.F,1.C
8ftr__1__2.A__2.B,2.B
8fv7__1__2.A_2.B__2.C_2.D,2.C
8fve__1__1.A_2.A_2.B__2.E_2.I,2.E
8fwp__1__1.A_1.B__1.D_1.E,1.D
8fwz__1__1.B__1.E,1.E
8fx1__1__1.A__1.C,1.C
8fx2__1__1.B__1.D,1.D
8fx3__1__1.B__1.D,1.D
8fxn__1__1.A__1.B,1.B
8fy7__1__1.A_1.B__1.C,1.C
8fz1__1__1.A__1.G_1.I_1.K,1.G
8g20__1__1.A__1.C_1.D_1.G,1.C
8g3e__1__1.A__1.C,1.C
8g3s__1__1.A__1.E,1.E
8g4a__1__1.A_1.B__1.C,1.C
8g62__1__1.A__1.F_1.J_1.L,1.F
8g63__1__1.A__1.B,1.B
8g68__1__1.A__1.C,1.C
8g69__1__1.A__1.C,1.C
8g8o__1__1.B__1.E,1.E
8g8x__1__1.A__1.C,1.C
8g9d__1__1.A__1.B,1.B
8gcz__1__1.A__1.N,1.N
8gdk__1__1.A__1.O,1.O
8gds__1__1.A__1.E,1.E
8gem__1__1.A__1.B,1.B
8gen__1__2.A_3.A__3.B,3.B
8get__1__1.C__1.M,1.M
8geu__1__1.A__1.B,1.B
8gev__1__1.A__1.B,1.B
8gez__1__1.A__1.B,1.B
8gf0__1__1.A__1.B,1.B
8gfd__1__1.A__1.B,1.B
8gff__1__1.A__1.B,1.B
8gfg__1__1.A__1.B,1.B
8gfq__1__1.A__1.B,1.B
8gfs__1__1.A__1.B,1.B
8gja__1__1.A_1.B__1.G_1.H,1.G
8gjb__1__1.B__1.G_1.H,1.G
8gju__1__1.A_1.B_1.C__1.K_1.L,1.K
8gkf__1__1.A__1.J,1.J
8gkt__1__1.A_1.B__1.E,1.E
8gm5__1__1.A__1.D,1.D
8gne__1__1.A__1.B,1.B
8gne__1__1.A__1.E,1.E
8goy__1__1.A_1.B__1.E,1.E
8gpc__1__1.A__1.C_1.D_1.E,1.E
8gpd__1__1.A__1.C_1.D_1.E,1.E
8gpe__1__1.A__1.C_1.D_1.E,1.E
8grw__1__1.A_1.B__1.C_1.D,1.D
8gtg__1__1.A__1.C,1.C
8gti__1__1.A__1.H,1.H
8gtm__1__1.A__1.C,1.C
8gtv__1__1.A_2.B__2.D,2.D
8gu1__1__1.A_1.B__1.D,1.D
8gvj__1__1.A__1.B,1.B
8gwd__1__2.A__2.B_2.C,2.C
8gww__1__1.A__1.C,1.C
8gyd__1__1.A_1.B__1.K,1.K
8gyj__1__1.A_1.B__1.D_1.I,1.I
8gzc__1__1.A__1.F,1.F
8h17__1__1.A__1.B_1.C,1.C
8h2b__1__1.C_1.D__1.M_1.N,1.M
8h4q__1__1.A__1.C,1.C
8h53__1__1.A__1.E_1.F_1.P_1.Q,1.E
8h59__1__1.A__1.B,1.B
8h5y__1__1.A__1.D_1.E,1.D
8h7r__1__1.A__1.B,1.B
8h99__1__1.B__1.H_1.J_1.K,1.H
8haq__1__1.A__1.C,1.C
8hcc__1__1.B__1.I_1.J_1.K,1.I
8hcd__1__1.A__1.E_1.F_1.G,1.F
8hch__1__1.C__1.J,1.J
8hd3__1__1.A__1.C,1.C
8he2__1__1.A__1.B_1.C,1.B
8he8__1__1.A__1.D_1.E,1.E
8hf8__1__1.A__1.C,1.C
8hfh__1__1.A__1.B_1.C,1.B
8hfn__1__1.A__1.C_1.D,1.C
8hgd__1__1.A__1.B_1.C,1.B
8hjg__1__1.A__1.E_1.F,1.E
8hkd__1__1.A__1.C_1.D_1.E,1.C
8hko__1__1.A__1.D_1.E_1.G_1.H,1.H
8hlj__1__1.A__1.C,1.C
8hmn__1__1.A_1.D__1.O_1.P,1.O
8hms__1__1.A__1.E,1.E
8ho5__1__1.A__1.B,1.B
8ho6__1__1.A__1.B_1.C,1.B
8hp4__1__1.A_1.B__1.C_1.D,1.C
8hpc__1__1.A_1.H__1.P,1.P
8hrv__1__1.A_1.B_1.C__1.E_1.H,1.H
8htg__1__1.A__1.F_1.G,1.G
8hu6__1__1.D__1.K_1.L,1.L
8hul__1__1.A__1.C,1.C
8hum__1__1.A__1.C,1.C
8huu__1__1.A__1.C,1.C
8hx2__1__1.A__1.B_1.C,1.C
8hx4__1__2.A__2.B_2.C_2.D,2.C
8hx6__1__1.B__1.F,1.F
8hxh__1__1.A__1.B_1.C,1.C
8hxu__1__1.A__1.C_1.D_1.E,1.E
8hy6__1__1.A__1.C_1.D_1.E,1.E
8hyk__1__1.A__1.B_1.C,1.B
8hym__1__2.A__2.B_2.C,2.C
8hyp__1__2.A__2.B_2.C,2.C
8hz7__1__1.A__1.B_1.C,1.C
8i01__1__1.B_2.B__1.N_1.O,1.N
8i0d__1__1.A__1.B,1.B
8i19__1__1.A__1.C_1.D_1.E,1.C
8i1o__1__1.A__1.F,1.F
8i2n__1__1.A__1.C,1.C
8i2u__1__1.A__1.B_1.C,1.C
8i4i__1__1.A__1.C,1.C
8iag__1__3.A__3.C_3.D_3.E_3.G,3.C
8ie5__1__1.A__1.B,1.B
8ie6__1__1.A__1.B,1.B
8ifx__1__1.A__1.C_1.D,1.D
8im2__1__1.E__1.S_1.T_1.U,1.T
8im3__1__2.C__2.K_2.L,2.L
8in7__1__1.A__1.B,1.B
8ina__1__1.A__1.B_1.C,1.B
8iqd__1__1.A__1.E_1.G_1.H,1.H
8iqn__1__1.A__1.B,1.B
8iqt__1__1.A__1.B,1.B
8iqu__1__1.A__1.B,1.B
8iui__1__1.A__1.C,1.C
8ivg__1__1.A__1.B_1.C,1.B
8ivn__1__1.A_1.B__1.C,1.C
8ivr__1__1.A__1.B,1.B
8ivs__1__1.A_1.B__1.C,1.C
8ivt__1__1.A_1.B__1.F,1.F
8ivu__1__1.A_1.B__1.I,1.I
8iw3__1__1.A_1.B__1.C,1.C
8iw6__1__1.A_1.B__1.F,1.F
8ix9__1__2.A__2.D_2.E_2.F,2.D
8ixq__1__1.B__1.E,1.E
8izc__1__1.A_1.B__1.I,1.I
8j30__1__1.A__1.C,1.C
8j3c__1__1.A__1.B_1.C,1.C
8j40__1__1.A_2.A__1.D,1.D
8j5e__1__1.A__1.B,1.B
8j5f__1__2.A__2.B,2.B
8j5x__1__1.A__1.B,1.B
8j6n__1__1.A_1.D__1.M,1.M
8j79__1__1.B__1.R_1.W_1.X,1.R
8j7j__1__1.A_1.B__1.C,1.C
8j83__1__1.B__1.N_1.Q,1.N
8j8x__1__1.A__1.B_1.C,1.C
8j9d__1__1.D__1.M_1.N,1.N
8jb3__1__1.A__1.B,1.B
8jb3__1__1.A__1.C_1.D_1.E_1.F,1.D
8jbi__1__2.C_2.D__2.I_2.M,2.I
8jby__1__1.A__1.C,1.C
8jc5__1__1.A__1.E_1.F,1.E
8jdv__1__1.A__1.B_1.C_1.D,1.B
8jg2__1__1.A_2.A__1.C_1.D,1.C
8jg8__1__1.A__1.B,1.B
8ji2__1__1.B__1.J_1.K,1.K
8ji4__1__1.B__1.J_1.K,1.K
8jjk__1__1.A__1.B_1.F_1.G_1.H,1.B
8jjn__1__1.A__1.D_1.E,1.D
8jjq__1__1.A__1.D,1.D
8jjs__1__1.A__1.C_1.D,1.C
8jjt__1__1.A__1.D,1.D
8jk8__1__1.A__1.B_1.C_1.D,1.D
8jk9__1__1.A__1.C_1.D_1.E_1.F,1.E
8jkp__1__2.A__2.B_2.C_2.D_2.E,2.B
8jkr__1__1.A__1.B_1.G_1.H_1.I,1.B
8jmo__1__1.A__1.D,1.D
8jmp__1__1.A__1.D,1.D
8jmr__1__1.A_1.B__1.C_1.D,1.D
8jmz__1__1.A__1.C_1.E_1.J,1.C
8jot__1__1.A__1.B,1.B
8jpz__1__1.B__1.N_1.P,1.N
8jqp__1__2.A__2.C_2.D_2.E,2.C
8jqz__1__1.A_2.B__1.C,1.C
8jt3__1__1.A_1.C__1.E,1.E
8ju9__1__1.A_2.A_4.A__1.B,1.B
8jub__1__1.A_1.B_1.D__1.E,1.E
8juv__1__1.A__1.B_1.C,1.B
8jwy__1__1.A__1.B,1.B
8jya__1__1.B__1.G,1.G
8jyc__1__1.A_1.B_1.C__1.T,1.T
8jye__1__1.A_1.B_1.D__1.P,1.P
8jyf__1__1.B__1.F,1.F
8jyg__1__1.A_1.B__1.C_1.Y,1.C
8k2k__1__1.A__1.B,1.B
8k2m__1__1.A__1.B,1.B
8k4c__1__1.B__1.G,1.G
8k5y__1__1.A__1.H,1.H
8k9y__1__1.A__1.C_1.E,1.C
8ki0__1__1.A__1.C_1.D,1.C
8ki5__1__1.A__1.B,1.B
8odp__1__1.A_1.B__1.I_1.J_1.K_1.L,1.K
8ofm__1__1.B__1.HA_1.V,1.V
8og4__1__1.A__1.G_1.H,1.H
8og5__1__1.A__1.D,1.D
8og8__1__1.A__1.B,1.B
8og9__1__1.A__1.B,1.B
8ogh__1__1.A_1.B__1.M_1.R,1.M
8oha__1__1.B_1.C__1.EA_1.GA,1.GA
8oiz__1__1.B__1.J,1.J
8oku__1__1.A_1.B__1.C,1.C
8ol4__1__1.B_1.C__1.P,1.P
8oli__1__1.A__1.B_1.C,1.C
8ome__1__1.A_1.D__1.E,1.E
8omp__1__1.A__1.B_1.C,1.C
8one__1__2.A__2.F_2.K,2.K
8onn__1__1.A__1.F,1.F
8oo2__1__1.A_1.B__1.C_1.D,1.C
8oo5__1__1.A__1.B_1.D_1.E,1.B
8ooj__1__1.B__1.H,1.H
8oov__1__1.A_1.B__1.D,1.D
8opu__1__1.A_1.C_1.D__1.IA,1.IA
8opv__1__1.B__1.Q,1.Q
8oq2__1__1.B__1.H_1.I,1.H
8oqm__1__1.B__1.N,1.N
8oqn__1__1.A_1.D__1.I,1.I
8oqp__1__1.D__1.PA,1.PA
8oqq__1__1.A__1.I,1.I
8oqs__1__1.C_1.D__1.OA,1.OA
8oqv__1__1.B__1.Q,1.Q
8oqx__1__1.A__1.C_1.D_1.G,1.C
8orc__1__1.B__1.J,1.J
8oru__1__1.A_1.B__1.M,1.M
8otv__1__1.A_1.B__1.F,1.F
8ou2__1__1.A__1.C,1.C
8ou3__1__1.A_1.C__1.E,1.E
8ou5__1__1.A_1.C__1.E,1.E
8ouk__1__1.A__1.B_1.C,1.B
8oum__1__1.A__1.F_1.G,1.F
8oun__1__1.A__1.C_1.D,1.C
8ouu__1__1.A__1.F,1.F
8ov7__1__1.A__1.B,1.B
8ovr__1__1.A__1.B,1.B
8ovs__1__1.A__1.C_1.F_1.I_1.Q_1.T,1.C
8ow7__1__1.A_1.C__1.G,1.G
8ow9__1__1.A_1.B__1.G,1.G
8p0e__1__1.A__1.C,1.C
8p0m__1__1.C__1.L,1.L
8p0o__1__1.A__1.H_1.P,1.P
8p0p__1__1.A__1.C,1.C
8p1e__1__1.D_1.E__1.P,1.P
8p1p__1__1.A__1.E,1.E
8p3e__1__1.B__1.F,1.F
8p44__1__1.A_1.B__1.E,1.E
8p4z__1__1.A__1.C,1.C
8p5c__1__1.A_1.B__1.C,1.C
8paf__1__1.A_1.B__1.C,1.C
8pbo__1__1.A__1.C,1.C
8pfl__1__1.A__1.C,1.C
8ph4__1__1.A_1.B__1.D_1.F,1.D
8pj0__1__1.A_1.B__1.V,1.V
8pj7__1__1.A__1.B,1.B
8pji__1__1.A__1.E,1.E
8pl6__1__1.A__1.C,1.C
8plb__1__1.A__1.D,1.D
8ple__1__1.A__1.F,1.F
8plp__1__2.B__2.F,2.F
8plu__1__1.A__1.D,1.D
8plw__1__2.B__2.G,2.G
8plx__1__2.B__2.F,2.F
8pom__1__1.A__1.C,1.C
8pp0__1__1.A__1.C,1.C
8pp8__1__1.A__1.D,1.D
8ppf__1__1.A__1.D,1.D
8pq9__1__1.A__1.C,1.C
8pqa__1__1.A__1.C,1.C
8pqf__1__1.A__1.C,1.C
8pqq__1__1.B_1.D__1.J,1.J
8pqr__1__1.A_1.B_1.C__1.E,1.E
8prx__1__1.D__1.IA_1.JA_1.KA,1.IA
8px2__1__1.A__1.B,1.B
8px8__1__1.A__1.D,1.D
8px9__1__1.A_1.B__1.C_1.D,1.D
8pxt__1__1.C__1.L,1.L
8pyi__1__1.A__1.I,1.I
8pyn__1__1.A__1.B,1.B
8q0t__1__1.A__1.C,1.C
8q0u__1__1.A__1.D,1.D
8q17__1__1.A__1.F,1.F
8q18__1__1.A__1.E_1.F_1.G,1.F
8q1m__1__1.A_1.B__1.G,1.G
8q2u__1__1.A__1.C,1.C
8q2w__1__1.A__1.C,1.C
8q2y__1__1.A__1.C,1.C
8q31__1__1.A__1.C,1.C
8q34__1__1.A__1.F,1.F
8q59__1__1.A__1.C_1.D_1.E,1.E
8q5v__1__1.A_1.B__1.P_1.Q,1.P
8q5x__1__1.A_1.C__1.E_1.F,1.E
8qc4__1__1.A__1.C,1.C
8qc5__1__1.B__1.E_1.F,1.E
8qdy__1__1.A_2.A__1.B,1.B
8qdz__1__1.A_2.A__2.B,2.B
8qe0__1__1.A_2.A__2.B,2.B
8qe1__1__1.A_2.A__1.B,1.B
8qe3__1__1.A_2.A__1.B,1.B
8qel__1__1.B__1.C,1.C
8qhq__1__1.A_1.B__1.G,1.G
8qic__1__1.B__1.F_1.J,1.F
8qk2__1__1.A__1.D,1.D
8qk5__1__1.A__1.D,1.D
8qk9__1__1.A__1.D,1.D
8qka__1__1.A__1.D,1.D
8qkb__1__1.D__1.CA_1.HA,1.CA
8qlr__1__1.B__1.F,1.F
8qmf__1__1.A_1.B__1.M_1.R_1.S,1.M
8qmy__1__1.A__1.D_1.E,1.D
8qnh__1__1.A__1.B,1.B
8qpn__1__1.A__1.B_1.I,1.I
8qq4__1__1.A__1.B_1.I,1.I
8qqg__1__1.A__1.D,1.D
8qqy__1__1.A__1.B,1.B
8qrt__1__1.B__1.F,1.F
8qtg__1__1.A__1.B,1.B
8qth__1__1.A__1.B,1.B
8qtj__1__1.A__1.E,1.E
8qtl__1__1.A_1.B__1.G,1.G
8qtt__1__1.C__1.D_1.V,1.D
8qve__1__1.A__1.B_1.D,1.B
8qyg__1__1.A_1.B__1.C_1.L,1.C
8qyq__1__1.A__1.H,1.H
8qyr__1__1.A__1.G_1.H_1.I,1.H
8qyu__1__1.A__1.K_1.L,1.L
8qyw__1__1.A_2.A__1.C_1.E,1.C
8r0i__1__1.A_2.A__1.D,1.D
8r11__1__1.A_1.B__1.C,1.C
8r12__1__1.A_1.B__1.C,1.C
8r1n__1__1.A__1.C,1.C
8r1p__1__1.A_1.B__1.C,1.C
8r3d__1__1.B_1.E__1.J,1.J
8r3o__1__1.A_1.B__1.E_1.F_1.G,1.E
8r3p__1__1.A_1.B__1.E_1.F,1.E
8r3q__1__1.A_1.B__1.J_1.M,1.J
8r3s__1__1.A_1.B__1.K_1.L,1.K
8r41__1__1.A__1.E_1.F_1.G,1.E
8r42__1__1.B__1.Q,1.Q
8r4o__1__1.A__1.M,1.M
8r4q__1__1.A__1.M_1.N,1.M
8r4u__1__1.A__1.I,1.I
8r4x__1__1.A__1.J_1.K_1.L_1.P,1.P
8r99__1__1.A__1.B_1.C,1.B
8rcw__1__1.A__1.C,1.C
8rdk__1__1.A__1.D,1.D
8re3__1__1.A__1.C_1.D_1.E,1.C
8rkq__1__1.A__1.E,1.E
8s98__1__1.A__1.D,1.D
8sam__1__1.A__1.C_1.D,1.D
8se5__1__1.A_1.B__1.H,1.H
8se6__1__1.A_1.B__1.F,1.F
8sf3__1__1.A__1.B_1.C,1.B
8sge__1__1.A__1.H,1.H
8sip__1__1.A_1.B__1.C,1.C
8six__1__1.A__1.B,1.B
8sk0__1__1.B__1.G_1.H,1.H
8skn__1__1.A__1.C,1.C
8slg__1__1.A__1.C,1.C
8smf__1__1.B_1.E__1.I,1.I
8smg__1__1.B_2.A__1.C,1.C
8sqg__1__1.A__1.C_1.D,1.D
8su1__1__1.A__1.C_1.D_1.E_1.F,1.F
8sua__1__1.A__1.B,1.B
8sv9__1__1.A__1.C,1.C
8svl__1__1.A__1.B_1.C_1.G,1.C
8swe__1__1.A__1.E,1.E
8swq__1__1.A_1.C__1.G_1.H,1.G
8swr__1__1.A_1.B__1.I,1.I
8swt__1__1.A_2.A__1.C_1.D,1.C
8swu__1__1.A_1.B__1.D_1.E,1.D
8sx2__1__1.A__1.C,1.C
8sx4__1__1.A__1.C,1.C
8sxy__1__1.A__1.C,1.C
8sye__1__1.A__1.C,1.C
8sz3__1__1.A_2.B__1.G,1.G
8sze__1__1.A__1.C,1.C
8szq__1__1.A__1.B_1.C,1.B
8szs__1__1.A__1.B_1.C,1.B
8t1q__1__1.A__1.B_1.F_1.G,1.B
8t1y__1__1.A__1.B,1.B
8t27__1__1.A__1.B,1.B
8t2h__1__1.A__1.C_1.D_1.E,1.C
8t5n__1__1.A__1.B_1.M,1.M
8t8v__1__1.A__1.B_1.C_1.E_1.F,1.B
8t9v__1__1.A__1.B,1.B
8tab__1__1.A__1.E_1.G,1.E
8tbs__1__1.A_1.B__1.M,1.M
8tbu__1__1.A_1.B__1.I,1.I
8tc8__1__1.A__1.E_1.H_1.L,1.E
8tc9__1__1.A__1.E_1.M,1.E
8tce__1__1.A__1.C,1.C
8tjc__1__1.A__1.K,1.K
8tl8__1__1.A__1.C,1.C
8tn6__1__1.A__1.D,1.D
8tnb__1__1.A_1.C__1.F,1.F
8tnc__1__1.B__1.E,1.E
8tnd__1__1.B__1.F,1.F
8tqv__1__1.A__1.C,1.C
8ts9__1__1.A__1.C,1.C
8tsa__1__1.A__1.C,1.C
8tsd__1__1.A__1.C,1.C
8tti__1__1.A__1.E,1.E
8ttz__1__2.B__2.GA,2.GA
8twj__1__1.A__1.B_1.C_1.D_1.E,1.B
8typ__1__1.A__1.C,1.C
8u2e__1__1.A__1.B,1.B
8u2r__1__1.A__1.C,1.C
8u37__1__1.A__1.B,1.B
8u4w__1__1.A__1.E,1.E
8u7w__1__1.A__1.C,1.C
8u7x__1__1.A__1.C,1.C
8u8j__1__1.A__1.B,1.B
8u8k__1__1.A__1.B,1.B
8u97__1__1.A__1.B,1.B
8uak__1__1.A__1.B,1.B
8ufp__1__1.A_1.B__1.K,1.K
8ug1__1__1.B__1.H,1.H
8ug3__1__1.A_1.B__1.C,1.C
8ui1__1__1.A__1.B_1.C,1.B
8ujy__1__1.B__1.D,1.D
8uk6__1__1.A__1.C,1.C
8uob__1__1.A__1.B,1.B
8ur9__1__1.A_1.B__1.C,1.C
8usm__1__1.A__1.C,1.C
8uuf__1__1.A__1.B,1.B
8uuu__1__1.A__1.B,1.B
8uuv__1__1.A__1.B,1.B
8ux7__1__1.B__1.I,1.I
8v2k__1__1.C_1.D__1.N,1.N
8v2t__1__1.A_3.A_4.A__3.C_4.B,4.B
8v4a__1__1.C_1.D__1.M,1.M
8v4j__1__1.A_3.A_4.A__3.C_4.B,4.B
8v4p__1__1.A__1.L,1.L
8v5g__1__1.A__1.D,1.D
8v8e__1__1.A__1.D,1.D
8v8j__1__1.A__1.F,1.F
8v9p__1__1.C_1.D__1.M,1.M
8vh9__1__1.A_1.B__1.C_1.F,1.F
8vw1__1__1.A__1.B_1.C,1.B
8w0b__1__1.A__1.D,1.D
8w0d__1__1.A__1.E,1.E
8w0j__1__1.A__1.D,1.D
8w0m__1__1.C__1.F,1.F
8w4s__1__1.A__1.D,1.D
8w7f__1__1.A__1.E_1.F,1.F
8wa7__1__1.A_1.B__1.CA_1.DA_1.N_1.X,1.CA
8wd4__1__1.A__1.B,1.B
8wdx__1__1.A__1.B,1.B
8wg1__1__1.A__1.E_1.I_1.K,1.E
8wjy__1__1.A__1.B,1.B
8wmy__1__1.A__1.C_1.D_1.E,1.C
8wnj__1__1.A__1.F,1.F
8wo2__1__1.A__1.D,1.D
8wr2__1__1.A__1.E_1.F,1.F
8wrj__1__1.A__1.B,1.B
8wsm__1__1.A__1.B_1.C,1.C
8wsm__1__1.A__1.D,1.D
8wsw__1__1.A__1.E,1.E
8wwo__1__1.A_2.D__2.K_2.L,2.K
8wzq__1__1.A__1.C,1.C
8x1a__1__1.A__1.B,1.B
8xfd__1__1.C_1.D__1.N,1.N
8xhd__1__1.A_1.B__1.C,1.C
8xkf__1__1.A_1.C__1.M_1.S,1.S
8y33__1__1.A__1.B,1.B
8yhw__1__1.A__1.E_1.F,1.E
9eun__1__1.A__1.E,1.E
9f40__1__1.A__1.Q,1.Q
9f41__1__1.A__1.Q,1.Q
